-2.,-2.
-2.,-1.9047619047619047
-2.,-1.8095238095238095
-2.,-1.7142857142857144
-2.,-1.619047619047619
-2.,-1.5238095238095237
-2.,-1.4285714285714286
-2.,-1.3333333333333335
-2.,-1.2380952380952381
-2.,-1.1428571428571428
-2.,-1.0476190476190477
-2.,-0.9523809523809526
-2.,-0.8571428571428572
-2.,-0.7619047619047619
-2.,-0.6666666666666667
-2.,-0.5714285714285716
-2.,-0.4761904761904763
-2.,-0.38095238095238093
-2.,-0.2857142857142858
-2.,-0.1904761904761907
-2.,-0.09523809523809534
-2.,0.
-2.,0.0952380952380949
-2.,0.19047619047619024
-2.,0.2857142857142856
-2.,0.38095238095238093
-2.,0.4761904761904763
-2.,0.5714285714285712
-2.,0.6666666666666665
-2.,0.7619047619047619
-2.,0.8571428571428568
-2.,0.9523809523809521
-2.,1.0476190476190474
-2.,1.1428571428571428
-2.,1.2380952380952381
-2.,1.333333333333333
-2.,1.4285714285714284
-2.,1.5238095238095237
-2.,1.6190476190476186
-2.,1.714285714285714
-2.,1.8095238095238093
-2.,1.9047619047619047
-2.,2.
-1.9047619047619047,2.
-1.8095238095238095,2.
-1.7142857142857144,2.
-1.619047619047619,2.
-1.5238095238095237,2.
-1.4285714285714286,2.
-1.3333333333333335,2.
-1.2380952380952381,2.
-1.1428571428571428,2.
-1.0476190476190477,2.
-0.9523809523809526,2.
-0.8571428571428572,2.
-0.7619047619047619,2.
-0.6666666666666667,2.
-0.5714285714285716,2.
-0.4761904761904763,2.
-0.38095238095238093,2.
-0.2857142857142858,2.
-0.1904761904761907,2.
-0.09523809523809534,2.
0.,2.
0.0952380952380949,2.
0.19047619047619024,2.
0.2857142857142856,2.
0.38095238095238093,2.
0.4761904761904763,2.
0.5714285714285712,2.
0.6666666666666665,2.
0.7619047619047619,2.
0.8571428571428568,2.
0.9523809523809521,2.
1.0476190476190474,2.
1.1428571428571428,2.
1.2380952380952381,2.
1.333333333333333,2.
1.4285714285714284,2.
1.5238095238095237,2.
1.6190476190476186,2.
1.714285714285714,2.
1.8095238095238093,2.
1.9047619047619047,2.
2.,2.
2.,1.9047619047619047
2.,1.8095238095238093
2.,1.714285714285714
2.,1.6190476190476186
2.,1.5238095238095237
2.,1.4285714285714284
2.,1.333333333333333
2.,1.2380952380952381
2.,1.1428571428571428
2.,1.0476190476190474
2.,0.9523809523809521
2.,0.8571428571428568
2.,0.7619047619047619
2.,0.6666666666666665
2.,0.5714285714285712
2.,0.4761904761904763
2.,0.38095238095238093
2.,0.2857142857142856
2.,0.19047619047619024
2.,0.0952380952380949
2.,0.
2.,-0.09523809523809534
2.,-0.1904761904761907
2.,-0.2857142857142858
2.,-0.38095238095238093
2.,-0.4761904761904763
2.,-0.5714285714285716
2.,-0.6666666666666667
2.,-0.7619047619047619
2.,-0.8571428571428572
2.,-0.9523809523809526
2.,-1.0476190476190477
2.,-1.1428571428571428
2.,-1.2380952380952381
2.,-1.3333333333333335
2.,-1.4285714285714286
2.,-1.5238095238095237
2.,-1.619047619047619
2.,-1.7142857142857144
2.,-1.8095238095238095
2.,-1.9047619047619047
2.,-2.
1.9047619047619047,-2.
1.8095238095238093,-2.
1.714285714285714,-2.
1.6190476190476186,-2.
1.5238095238095237,-2.
1.4285714285714284,-2.
1.333333333333333,-2.
1.2380952380952381,-2.
1.1428571428571428,-2.
1.0476190476190474,-2.
0.9523809523809521,-2.
0.8571428571428568,-2.
0.7619047619047619,-2.
0.6666666666666665,-2.
0.5714285714285712,-2.
0.4761904761904763,-2.
0.38095238095238093,-2.
0.2857142857142856,-2.
0.19047619047619024,-2.
0.0952380952380949,-2.
0.,-2.
-0.09523809523809534,-2.
-0.1904761904761907,-2.
-0.2857142857142858,-2.
-0.38095238095238093,-2.
-0.4761904761904763,-2.
-0.5714285714285716,-2.
-0.6666666666666667,-2.
-0.7619047619047619,-2.
-0.8571428571428572,-2.
-0.9523809523809526,-2.
-1.0476190476190477,-2.
-1.1428571428571428,-2.
-1.2380952380952381,-2.
-1.3333333333333335,-2.
-1.4285714285714286,-2.
-1.5238095238095237,-2.
-1.619047619047619,-2.
-1.7142857142857144,-2.
-1.8095238095238095,-2.
-1.9047619047619047,-2.
1.,0.
0.9954719225730846,0.09505604330418266
0.9819286972627067,0.1892512443604102
0.9594929736144974,0.28173255684142967
0.9283679330160726,0.3716624556603275
0.8888354486549235,0.45822652172741035
0.8412535328311812,0.5406408174555976
0.7860530947427875,0.6181589862206052
0.7237340381050702,0.6900790114821119
0.6548607339452852,0.7557495743542582
0.5800569095711983,0.8145759520503356
0.5000000000000001,0.8660254037844386
0.41541501300188644,0.9096319953545183
0.3270679633174218,0.9450008187146685
0.23575893550942728,0.9718115683235417
0.14231483827328534,0.9898214418809327
0.0475819158237424,0.998867339183008
-0.04758191582374228,0.998867339183008
-0.142314838273285,0.9898214418809328
-0.23575893550942717,0.9718115683235417
-0.32706796331742144,0.9450008187146686
-0.4154150130018863,0.9096319953545184
-0.4999999999999998,0.8660254037844388
-0.580056909571198,0.8145759520503358
-0.654860733945285,0.7557495743542584
-0.7237340381050702,0.6900790114821119
-0.7860530947427873,0.6181589862206054
-0.8412535328311811,0.5406408174555978
-0.8888354486549234,0.4582265217274105
-0.9283679330160726,0.3716624556603276
-0.9594929736144973,0.28173255684143006
-0.9819286972627066,0.1892512443604105
-0.9954719225730846,0.09505604330418288
-1.,1.2246467991473532e-16
-0.9954719225730846,-0.09505604330418263
-0.9819286972627068,-0.18925124436040983
-0.9594929736144975,-0.28173255684142945
-0.9283679330160727,-0.37166245566032735
-0.8888354486549235,-0.4582265217274103
-0.8412535328311814,-0.5406408174555972
-0.7860530947427877,-0.618158986220605
-0.7237340381050703,-0.6900790114821118
-0.6548607339452852,-0.7557495743542582
-0.5800569095711983,-0.8145759520503356
-0.5000000000000004,-0.8660254037844384
-0.4154150130018863,-0.9096319953545184
-0.3270679633174219,-0.9450008187146683
-0.23575893550942786,-0.9718115683235415
-0.14231483827328525,-0.9898214418809327
-0.04758191582374274,-0.998867339183008
0.04758191582374238,-0.998867339183008
0.14231483827328487,-0.9898214418809328
0.23575893550942661,-0.9718115683235419
0.32706796331742155,-0.9450008187146686
0.41541501300188605,-0.9096319953545186
0.4999999999999993,-0.866025403784439
0.5800569095711979,-0.814575952050336
0.6548607339452845,-0.7557495743542587
0.7237340381050701,-0.690079011482112
0.7860530947427872,-0.6181589862206055
0.8412535328311808,-0.5406408174555982
0.8888354486549234,-0.45822652172741063
0.9283679330160723,-0.3716624556603281
0.9594929736144974,-0.2817325568414297
0.9819286972627066,-0.18925124436041063
0.9954719225730845,-0.09505604330418345
-1.9523809523809523,-1.9523809523809523
-1.7619047619047619,-1.7619047619047619
-1.6879982882171232,-1.0952380952380953
-1.6879982882171225,-0.523809523809524
-1.,-1.6879982882171234
-0.4285714285714286,-1.6879982882171225
-1.6879982882171225,0.14285714285714257
-1.6879982882171238,0.8095238095238093
-1.6879982882171225,1.3809523809523807
-1.857142857142857,1.857142857142857
-1.9523809523809523,1.9523809523809523
-1.9285714285714284,1.8809523809523807
-1.8720238095238093,1.931547619047619
-0.6005634842572001,1.1649306372821886
-0.12458289919853904,1.3046911471797151
0.14285714285714257,-1.6879982882171225
0.8095238095238093,-1.6879982882171238
1.0676042279510245,-0.760237529172909
1.2736812773596558,-0.3089917345258732
1.3809523809523807,-1.6879982882171225
1.7619047619047616,-1.7619047619047616
1.9523809523809523,-1.9523809523809523
1.1904761904761905,1.6879982882171225
0.3692459470210052,1.2575362097810134
1.2736812773596573,0.3089917345258733
1.6879982882171225,0.9999999999999998
1.7619047619047616,1.7619047619047616
1.9523809523809523,1.9523809523809523
-1.8095238095238095,-1.5714285714285714
-1.8857142857142857,-1.761904761904762
-1.9084656084656086,-1.8608465608465607
-1.7619047619047619,-1.8857142857142857
-1.5714285714285714,-1.8095238095238095
-0.9905048618510371,-0.8582773485018085
-1.7894904600891497,-0.9047619047619049
-1.8476330563765224,-1.0952380952380953
-1.2385424182208347,-0.4286636986840893
-1.7168122147299338,-0.23809523809523825
-1.8330974073046788,-0.4285714285714286
-1.8330974073046788,-0.6190476190476192
-1.0000000000000002,-1.8476330563765224
-0.7142857142857143,-1.716812214729934
-1.2857142857142858,-1.7168122147299338
-0.4285714285714286,-1.847633056376522
-0.14285714285714302,-1.716812214729934
-0.2480375563697983,-1.2869410471858993
-1.8330974073046788,0.04761904761904744
-1.3091412676617717,-0.0623620846890629
-1.2736812773596573,0.30899173452587364
-1.7168122147299336,0.4285714285714286
-1.8330974073046788,0.23809523809523792
-1.8476330563765226,0.8095238095238093
-1.0676042279510258,0.7602375291729094
-1.380952380952381,1.6879982882171232
-1.7894904600891495,1.5714285714285712
-1.847633056376522,1.3809523809523807
-1.716812214729934,1.0952380952380951
-1.761904761904762,1.9047619047619049
-1.9047619047619047,1.7619047619047616
-0.5274716388343317,1.0231522369954873
-0.523809523809524,1.6879982882171225
5.551115123125783e-17,1.1734532589260716
0.14285714285714257,1.6879982882171225
-0.2220774894505378,1.1522474298359553
0.12458289919853904,-1.3046911471797145
0.04761904761904746,-1.8330974073046788
0.23809523809523792,-1.8330974073046788
0.7085777834045708,-1.102568552593128
0.5238095238095237,-1.716812214729934
0.7142857142857142,-1.8330974073046795
0.9047619047619044,-1.8330974073046795
1.6879982882171232,-1.0952380952380953
1.0162403323836162,-0.5867266294630363
0.8868368009579953,-0.7684484623908138
1.6879982882171232,-0.33333333333333337
1.2443463470230536,-0.05927552220103664
1.118667332151319,-0.2713857583236357
1.3809523809523807,-1.847633056376522
1.7619047619047616,-1.8857142857142857
1.8608465608465607,-1.9084656084656084
1.8857142857142855,-1.7619047619047619
1.8095238095238098,-1.5714285714285714
1.1904761904761905,1.847633056376522
0.9047619047619044,1.7168122147299336
0.9044353303386519,0.9485444752551396
1.476190476190476,1.716812214729934
0.2220774894505379,1.1522474298359555
0.4361285198150783,1.0893963764801717
1.1615091967300841,0.1669998107653233
1.6879982882171225,0.14285714285714257
1.1350352048400865,0.6553128810541258
1.1089142904085338,0.3837989674451414
1.6879982882171225,0.6190476190476188
1.7894904600891495,0.8095238095238093
1.847633056376522,0.9999999999999998
1.7168122147299338,1.2857142857142856
1.8666666666666665,1.6666666666666663
1.7619047619047616,1.8857142857142857
1.8608465608465607,1.9084656084656084
-1.8869047619047619,-1.4761904761904763
-1.9527777777777777,-1.7619047619047619
-1.913095238095238,-1.6666666666666667
-1.9665443312842157,-1.8571428571428572
-1.857142857142857,-1.929106564467781
-1.7951683933326712,-1.9389179313494822
-1.8324415127622302,-1.8571102687876884
-1.7778692999914039,-1.8238095238095238
-1.673728774598061,-1.8299637777905622
-1.5714285714285714,-1.9107142857142858
-0.8699550279853298,-0.7538203228399262
-0.7085777834045704,-1.1025685525931246
-1.900131146751973,-0.9047619047619049
-1.931257688462988,-1.0952380952380953
-1.8894453724197553,-1.2033258623394427
-1.889445372419755,-1.0042894704995278
-1.8894453724197553,-1.1411947094345047
-1.9408943625855295,-1.0357221571252901
-1.087805063461028,-0.37649299296533423
-1.8624097646801696,-0.23809523809523825
-1.923341808718971,-0.4285714285714286
-1.923341808718971,-0.6190476190476192
-1.,-1.931257688462988
-0.8919122328986524,-1.8894453724197549
-1.1080877671013474,-1.8894453724197555
-0.9540433858035906,-1.889445372419755
-1.06451845396622,-1.9374290290040346
-0.7142857142857143,-1.8624097646801698
-1.3809523809523812,-1.8463951354193586
-0.4285714285714286,-1.9312576884629877
-0.3204836614700809,-1.8894453724197549
-0.5366591956727763,-1.8894453724197549
-0.3826148143750191,-1.8894453724197549
-0.49308988253764885,-1.9374290290040341
-0.14285714285714302,-1.8624097646801698
-0.21785003547569887,-1.1303133158052614
-1.8961693884524442,0.14285714285714257
-1.923341808718971,0.04761904761904744
-1.1498116485941348,-0.05477227949140166
-1.1615091967300841,0.16699981076532372
-1.1089142904085338,0.38379896744514164
-1.8624097646801696,0.4285714285714286
-1.923341808718971,0.23809523809523792
-1.9312576884629882,0.8095238095238093
-1.8894453724197553,0.701436042422462
-1.8894453724197553,0.9176115766251566
-1.8894453724197555,0.7635671953274
-1.9374290290040346,0.8740422634900293
-1.016240332383617,0.5867266294630362
-0.886836800957996,0.7684484623908141
-1.1904761904761905,1.7894904600891497
-1.380952380952381,1.8476330563765224
-1.9001311467519728,1.5714285714285712
-1.9312576884629877,1.3809523809523807
-1.8894453724197549,1.272864613851033
-1.8894453724197549,1.471901005690948
-1.8894453724197549,1.3349957667559713
-1.9408943625855293,1.440468319065186
-1.8624097646801698,1.0952380952380951
-1.6666666666666667,1.9166666666666665
-1.7619047619047619,1.9642857142857144
-1.9365079365079365,1.8174603174603172
-1.9642857142857142,1.7619047619047616
-1.9166666666666665,1.6666666666666663
-0.4891824944801085,0.9488816586090522
-0.40592603338848343,1.0388083495932698
-0.6107280999259568,0.9332255460112695
-0.46386002555256073,1.0089413007944157
-0.5465002709136368,0.9142306435741968
-0.523809523809524,1.847633056376522
-0.8095238095238095,1.716812214729934
-0.23809523809523825,1.7168122147299338
-0.10585131821715835,1.108525156210595
6.938893903907228e-17,1.0796762746933837
0.14285714285714257,1.847633056376522
0.5238095238095237,1.6879982882171238
-0.20433007849213494,1.0601651178751268
0.10942048215312873,-1.145903132000616
0.04761904761904746,-1.923341808718971
0.23809523809523792,-1.923341808718971
0.6223400097598024,-0.9683799575040868
0.4285714285714286,-1.8463951354193588
0.7142857142857142,-1.9233418087189715
0.9047619047619044,-1.9233418087189715
1.0952380952380951,-1.8146521276528629
1.8476330563765224,-1.0952380952380953
1.7168122147299338,-0.8095238095238095
0.9350270817478158,-0.5398381373466923
0.8159648850399157,-0.7070375976690205
1.8476330563765224,-0.33333333333333337
1.116461231789778,-0.05318360333509749
1.0374633169747827,-0.251685877399047
1.0509039881930435,-0.3734963712904801
1.1021054733675244,-0.16244097480936837
1.0662706754050395,-0.3101540238746384
1.0880674969984603,-0.22030630153317216
1.3809523809523807,-1.9312576884629877
1.4890401480537285,-1.8894453724197549
1.272864613851033,-1.8894453724197549
1.4269089951487903,-1.8894453724197549
1.3164339269861605,-1.9374290290040344
1.7619047619047616,-1.9527777777777777
1.6666666666666663,-1.913095238095238
1.857142857142857,-1.9665443312842157
1.9291065644677812,-1.857142857142857
1.9389179313494822,-1.7951683933326712
1.857110268787689,-1.8324415127622302
1.8238095238095235,-1.7778692999914043
1.8299637777905613,-1.6737287745980611
1.9107142857142858,-1.5714285714285714
1.8154761904761907,-1.380952380952381
1.1904761904761905,1.9312576884629877
1.0823884233748426,1.8894453724197549
1.298563957577538,1.8894453724197549
1.1445195762797808,1.8894453724197549
1.2549946444424107,1.9374290290040344
0.9047619047619044,1.8624097646801696
0.725380676915006,0.9223965657148481
0.8868368009579959,0.7684484623908139
1.5714285714285712,1.8463951354193588
0.20433007849213514,1.0601651178751268
0.4012751355707376,1.0023368314635903
1.0686867269816394,0.1536539544204919
1.847633056376522,0.14285714285714257
0.9968952414283982,0.5755577359925427
1.020294963532051,0.35312752020610616
1.847633056376522,0.6190476190476188
1.9001311467519728,0.8095238095238093
1.9312576884629877,0.9999999999999998
1.8894453724197549,1.1080877671013476
1.8894453724197549,0.9090513752614323
1.8894453724197549,1.0459566141964094
1.9408943625855293,0.9404840618871945
1.8624097646801696,1.2857142857142856
1.9418367346938774,1.6666666666666663
1.904251700680272,1.765238095238095
1.904251700680272,1.5680952380952378
1.7619047619047616,1.9527777777777777
1.6666666666666663,1.913095238095238
1.857142857142857,1.9665443312842157
1.8282262399909457,1.8238095238095238
1.9291065644677812,1.857142857142857
-1.9534774436090225,-1.4761904761904763
-1.9133771929824561,-1.380952380952381
-1.9695939334637964,-1.6666666666666667
-1.823809523809524,-1.6925520833333336
-1.9174086757990867,-1.5714285714285714
-1.679499523780122,-1.9184422618925112
-1.6459416472948103,-1.70281420822686
-1.5714285714285714,-1.9680555555555557
-1.476190476190476,-1.9172619047619048
-1.6145115442670004,-1.8601190476190477
-0.80680502863783,-0.6991005369152264
-0.913825281878593,-0.6393919658290307
-0.7629347747445668,-0.8135288939261219
-0.8711416820217681,-0.6886514659816205
-0.7596175934150684,-0.7466333287049732
-0.6223400097598026,-0.9683799575040849
-1.961418330629109,-0.9047619047619049
-1.916007301616619,-0.8095238095238095
-1.9542313774115454,-1.1904761904761905
-1.9242790435104065,-1.2857142857142858
-1.7835448647753458,-1.0106888587725684
-1.8448108034205613,-0.9491598594370618
-1.008841339086842,-0.3491633822437786
-1.086004076224961,-0.25395644939629164
-1.010642326322909,-0.47169992581282105
-1.0646858976435072,-0.3155512812735667
-0.9827001915057254,-0.41082909995931327
-1.9394451971083317,-0.23809523809523825
-1.914664812309356,-0.3319190431725897
-1.9009274808942507,-0.13750554313802976
-1.878219608011825,-0.523809523809524
-0.9047619047619049,-1.9542313774115452
-0.8095238095238095,-1.9242790435104065
-1.1904761904761905,-1.9242790435104065
-0.7142857142857143,-1.9394451971083317
-0.6245137566727944,-1.917851101557115
-1.380952380952381,-1.9305787587362
-1.2860744053391193,-1.9165404384237252
-1.4236168858718636,-1.8884869470777794
-1.4704571022740842,-1.7983410306161551
-0.33333333333333337,-1.9542313774115452
-0.23809523809523825,-1.9242790435104065
-0.14285714285714302,-1.9394451971083317
-0.0490333377797915,-1.9146648123093557
-0.20203631044901255,-1.0482639191590057
-0.32306930148039525,-1.0674853433224145
-0.09681704444431624,-1.1110918916418526
-0.2590675230421164,-1.0798206750470998
-0.13556165857420086,-1.0564578801274478
-1.9590042759485475,0.14285714285714257
-1.878219608011825,0.08624054874944989
-1.7913114264451016,0.14210766099220695
-1.0663468687806066,-0.050796361998110925
-1.1133729650439377,0.05834425176559363
-1.103460864473757,-0.14973634673166875
-1.1103528403133454,-0.005055968705185425
-1.1061979137512072,-0.09227861133684012
-1.0686867269816394,0.15365395442049226
-1.020294963532051,0.3531275202061064
-1.9394451971083317,0.4285714285714286
-1.9146648123093557,0.334747623494077
-1.9009274808942507,0.529161123528637
-1.878219608011825,0.19947373696483534
-1.9542313774115454,0.7142857142857142
-1.9242790435104062,0.6190476190476188
-1.9242790435104062,0.9999999999999998
-0.9350270817478165,0.5398381373466922
-0.8159648850399162,0.7070375976690206
-1.0000000000000002,1.8139564794336016
-1.1904761904761905,1.900131146751973
-1.380952380952381,1.931257688462988
-1.4890401480537283,1.8894453724197553
-1.2900037562138134,1.889445372419755
-1.4269089951487903,1.8894453724197553
-1.3214364428395757,1.9408943625855295
-1.9614183306291089,1.5714285714285712
-1.9542313774115452,1.2857142857142856
-1.9242790435104067,1.1904761904761905
-1.7835448647753456,1.4655016174179079
-1.844810803420561,1.5270306167534142
-1.9394451971083317,1.0952380952380951
-1.6918408657590118,1.7311554975006611
-1.844810803420561,1.6300879737044418
-1.754559796995394,1.6597862601346196
-0.3893932004170623,0.9726571922887107
-0.3061460785791737,1.0426377930530781
-0.6717255247018951,0.8541684894656105
-0.523809523809524,1.9312576884629877
-0.6318972909108717,1.8894453724197549
-0.4157217567081762,1.8894453724197549
-0.5697661380059335,1.8894453724197549
-0.4592910698433037,1.9374290290040341
-0.8095238095238095,1.8624097646801698
-0.23809523809523825,1.8624097646801696
-0.09946170332005397,1.0416100816396097
-0.044077856483517044,1.1265647668097276
-0.08940320117943648,1.2133352709888863
0.14285714285714257,1.9312576884629877
0.03476937575579491,1.8894453724197549
0.25094490995849034,1.8894453724197549
0.09690052866073312,1.8894453724197549
0.20737559682336285,1.9374290290040341
0.5238095238095237,1.8476330563765226
-0.16992247177634362,1.1145480630437863
-0.1575133024269808,1.1866419664847758
0.10147765389845986,-1.06272207124427
0.003306666989954521,-1.0909096314177813
0.2201354856475953,-1.0933613765475247
0.061492399424392316,-1.108509954555595
-0.009951863328874204,-1.2397212579908103
0.04197451234930891,-1.1829387812382288
0.16756812087010906,-1.0518560455817272
-0.03606299438138762,-1.163709154858421
0.06505514737259824,-1.256179559759499
-0.1336753428642346,-1.239731052413867
-0.00698793286177457,-1.405360954588321
0.14167327627704393,-1.2229412888061173
-0.07181528491802489,-1.2184813301540274
0.04680505075636987,-1.3393524904442802
0.4009420931187775,-1.319804600479754
0.18392624261636809,-1.1599811065797052
-0.0405157074111195,-1.3231145289202817
0.1584346549139177,-1.4852472753817187
0.2639158363891818,-1.2911583074615733
0.11999977430976982,-1.3990018492969678
0.19213466717824804,-1.2761519542597797
0.21011763226968622,-1.369314174681388
0.24254223105754702,-1.2142148256996592
0.05650592072399763,-1.4021814019426444
0.03143163842659295,-1.5370200845863435
0.02790593183817825,-1.4666137341157546
-0.11808676392364859,-1.5092159963552718
0.08990550772081375,-1.4988004625635785
-0.04001536162813264,-1.5053064504748181
0.11099499867210694,-1.594906870525437
0.34902947553263636,-1.2260748148514249
-0.0734143976388083,-1.6198222125883444
-0.07657168392864688,-1.556773005434008
0.14285714285714268,-1.878219608011825
0.5771643743004976,-0.8980852966109418
0.5028329803433838,-0.9955188223465157
0.6966714037169166,-0.8709464317685128
0.5576655994213,-0.9602800377892032
0.6309288230187097,-0.8581427830163203
0.4285714285714286,-1.9305787587362002
0.5373220412717109,-1.8884869470777794
0.33479508880856934,-1.8884869470777794
0.47480093893616765,-1.8884869470777796
0.36798112181836573,-1.9400598412243106
0.8095238095238093,-1.8782196080118254
1.0052626303516439,-1.8782196080118256
1.931257688462988,-1.0952380952380953
1.8894453724197553,-0.9871503281367479
1.889445372419755,-1.2033258623394427
1.8894453724197553,-1.049281481041686
1.9374290290040344,-1.1597565492043154
1.8624097646801696,-0.8095238095238095
0.9218467609798661,-0.6564441068095243
1.931257688462988,-0.33333333333333337
1.889445372419755,-0.22524556623198594
1.8894453724197553,-0.44142110043468086
1.889445372419755,-0.28737671913692403
1.9374290290040344,-0.39785178729955345
1.0475854034639858,-0.04990264325448361
1.057853674473586,-0.11440360121430501
0.9900835760832217,-0.34267125734770826
0.9884561140183556,-0.45141278182139544
1.476190476190476,-1.9542313774115452
1.5714285714285712,-1.9242790435104065
1.1904761904761905,-1.9242790435104067
1.6666666666666663,-1.9695939334637964
1.6925520833333332,-1.8238095238095238
1.918442261892511,-1.6794995237801214
1.702814208226858,-1.6459416472948094
1.9680555555555557,-1.5714285714285714
1.9172619047619048,-1.476190476190476
1.860119047619048,-1.6145115442670008
1.0952380952380951,1.9542313774115452
0.9999999999999998,1.9242790435104065
1.3809523809523807,1.9242790435104067
0.9047619047619044,1.9394451971083317
0.8041722098046961,1.9009274808942507
0.667411591410902,0.8486828770430982
0.8159648850399162,0.7070375976690205
1.5714285714285712,1.9305787587362002
1.4765505958153096,1.9165404384237252
1.6129253177827065,1.8884869470777796
1.6635355920791814,1.7970912136285608
0.10757389217170024,1.126564766809728
0.5385803130832022,0.9978744979582127
0.3188336757709729,1.0858477809013545
1.1296940277281062,0.05880901458457831
1.0696612994279846,0.018787358036683705
1.068068139341329,0.0862126649674054
1.0997886007890185,0.26680582765104377
1.9312576884629877,0.14285714285714257
1.8894453724197549,0.2509449099584903
1.8894453724197549,0.03476937575579492
1.8894453724197549,0.18881375705355205
1.9374290290040341,0.07833868889092233
0.9245306572595825,0.5337780238428815
0.9938524012820555,0.454818074122485
0.9088079765505279,0.6445699299614693
0.9420824682218888,0.4792773966811224
0.886825428727906,0.5849387765038376
1.9312576884629877,0.6190476190476188
1.8894453724197549,0.7099962437861863
1.8894453724197549,0.5109598519462712
1.9408943625855293,0.6785635571604242
1.9374290290040344,0.5545291650813986
1.9614183306291089,0.8095238095238093
1.9542313774115452,1.0952380952380951
1.9242790435104065,1.1904761904761905
1.7835448647753456,0.9154507635344726
1.8448108034205613,0.8539217641989663
1.9394451971083315,1.2857142857142856
1.9009274808942507,1.386303980671494
1.9639091540701537,1.7619047619047616
1.9639091540701537,1.5714285714285712
1.6666666666666663,1.9695939334637964
1.7661744112355182,1.8238095238095238
1.8333529936558126,1.751837954179664
1.885562524440633,1.8196056990870464
-1.9697773763069517,-1.380952380952381
-1.6480498069917071,-1.3585000341530546
-1.8238095238095238,-1.7548567682390253
-1.8533910801114928,-1.6276589265692278
-1.8634662426614481,-1.5362017388290934
-1.7347888682264916,-1.943057537221309
-1.7335246287794863,-1.67426774059715
-1.7869615875412357,-1.6342565265777158
-1.6320248267066177,-1.772466643840529
-1.6954801299951778,-1.7489287193527578
-1.5201060267857143,-1.8601190476190477
-0.8534365850543294,-0.6077294410614031
-0.6717255247018953,-0.8541684894656103
-0.577164374300498,-0.8980852966109407
-0.6391941938049257,-0.9078847916554605
-0.768984425604307,-0.9497786782537371
-0.6952852379882416,-0.9561073735174259
-0.7384107127619879,-1.0260271782229506
-0.5028329803433845,-0.9955188223465141
-0.9462882167377324,-1.0651268887992418
-0.6594500927390671,-1.0393358787980367
-0.5184968267966327,-0.9303984395733856
-0.8309505913150315,-1.1061802789787096
-0.5334366077748701,-1.187941045363582
-0.5753467793900294,-1.038139790100446
-0.7704073473936518,-1.0825828150732375
-0.8314164302091713,-1.0155194456784524
-0.4926871683357771,-1.0957772296634132
-1.8448108034205615,-0.8465977020552083
-1.675780932587821,-0.7412221829024244
-1.8310285122619887,-0.7332306393586019
-1.7494571184481704,-0.8112960721242256
-1.8591980717527776,-0.7873273056250621
-1.838207042876,-1.0358190053022807
-1.0181733748691426,-0.24700618807953206
-1.0486014666599959,-0.18766042049980522
-0.9410707952640966,-0.5433274769722211
-1.970606962294986,-0.33333333333333337
-1.878219608011825,-0.3839066047944968
-1.7802761143336285,-0.33008469223367587
-1.961763211263052,-0.14285714285714302
-1.878219608011825,-0.040836917261759996
-1.878219608011825,-0.4655014079580324
-1.94841989760606,-0.523809523809524
-1.878219608011825,-0.5821176396610155
-0.8122417870838107,-1.8158584128465631
-1.1942803417990124,-1.800432306470781
-0.5688072360035379,-1.9400796191571095
-1.3838753416332816,-1.744457386239779
-1.532151504318558,-1.7027271981143124
-0.24081321565523922,-1.8158584128465634
-0.04761904761904768,-1.9706069622949858
0.0029542238421156886,-1.878219608011825
-0.050867688718705305,-1.7802761143336285
-0.2951730536657399,-1.0052671021333803
-0.40386884863845157,-1.0088156134950774
-1.7390747945727714,0.06252302367005784
-1.7402276156523813,0.22143489215149914
-1.0460555991288973,0.04982976969235596
-1.0997886007890183,0.26680582765104405
-1.1208958253164814,0.12000185647441547
-1.9706069622949858,0.33333333333333326
-1.878219608011825,0.28276006187216973
-1.7802761143336283,0.3365819744329908
-1.9617632112630519,0.5238095238095237
-1.815858412846562,0.9972820224399982
-0.9218467609798668,0.6564441068095244
-1.0294206531515668,0.4701206600002041
-1.,1.9130724420014105
-1.1904761904761905,1.961418330629109
-1.4761904761904763,1.9542313774115454
-1.5714285714285714,1.9242790435104065
-1.296403144486854,1.7835448647753458
-1.2348741451513474,1.8448108034205613
-1.8158584128465638,1.1931941680361913
-1.8382070428759996,1.4403714708881954
-1.703852576681173,1.827249184877952
-1.6027127520731772,1.5486727362233674
-1.7963868963531207,1.7597868685291358
-1.85121762546425,1.706369135666734
-0.2901468288877202,0.988149352547092
-0.2630197417354919,1.0966050349650254
-0.4060766066802691,1.2447518273407607
-0.32194598563847227,1.1828476422392191
-0.6366210267324758,0.8095294890088472
-0.6105058750818292,0.8699939083673128
-0.8568973036399121,1.0601001845885578
-0.7819193601653559,0.81792893575775
-0.6190476190476192,1.9542313774115452
-0.7142857142857143,1.9242790435104065
-0.33333333333333337,1.9242790435104065
-0.8095238095238095,1.9394451971083317
-0.903175385921475,1.9148002493896152
-0.23809523809523825,1.9394451971083317
-0.13750554313802976,1.9009274808942507
0.04761904761904745,1.9542313774115452
-0.04761904761904767,1.9242790435104067
0.33333333333333326,1.9242790435104065
0.5238095238095237,1.9312576884629882
0.42898660149548296,1.916436573425234
0.631897290910871,1.8894453724197553
0.5883279777757437,1.9374290290040346
-1.8735013540549517e-16,-1.0326489777209427
0.3061460785791734,-1.042637793053078
0.15493689292146687,-1.3534329423811502
0.17840201095244262,-1.4246620366470382
0.35810569869458786,-1.517470794388524
0.2808780766205258,-1.4466223946408214
-0.11481827584704456,-1.4013610036015247
-0.08160078806101906,-1.4563446631379184
0.02797186868944518,-1.6753213626857284
0.0845490270056512,-1.878219608011825
0.14285714285714257,-1.94841989760606
0.20116525870863416,-1.878219608011825
0.48008694204637975,-0.9312387482909835
0.4038688486384513,-1.0088156134950776
0.7873949152348799,-0.8116098083484522
0.5238095238095237,-1.9535920901956028
0.6190476190476188,-1.9244632942188158
0.3381680768333324,-1.770493575272321
0.2764627553565489,-1.878219608011825
0.29837619785423664,-1.9390153340128513
0.7512156936723179,-1.8782196080118256
0.8095238095238093,-1.9484198976060603
0.8678319253753007,-1.8782196080118254
0.9448829227947905,-1.8782196080118254
0.9999999999999998,-1.9483061876821313
1.9542313774115454,-1.
1.9242790435104065,-0.9047619047619049
1.9242790435104062,-1.2857142857142858
1.9394451971083317,-0.8095238095238095
1.9009274808942507,-0.708934114566601
0.9538495840903598,-0.6010135911965097
0.8833700589519756,-0.5972758954608496
0.8568886161663323,-0.6565912849226385
1.9542313774115452,-0.23809523809523825
1.9242790435104065,-0.14285714285714302
1.9242790435104065,-0.523809523809524
0.9367992179032102,-0.4278218678244149
1.0010000895245577,-0.5193465201819268
1.2066442883781185,-0.5082468725782711
1.1047663865941766,-0.5312899335308879
1.1962483394731924,-1.82308212374273
1.754856768239025,-1.8238095238095238
1.5737802503088092,-1.8038676869745638
1.9430575372213086,-1.7347888682264914
1.7724666438405279,-1.6320248267066175
1.7489287193527556,-1.6954801299951776
1.6593202751163647,-1.732662231585506
1.8601190476190477,-1.5201060267857143
1.8492664794249647,-1.4468497983288546
1.906933913625707,-1.37566755669646
1.7167317582699095,-1.473197718636411
1.721969634985714,-1.56055233695658
1.7875900731294374,-1.4992052727934115
1.5158825461730867,-1.5290751965817164
1.7716740101838473,-1.4330375194141591
1.6478521496027565,-1.284445924703154
1.6882949202188187,-1.37663120954492
1.6133932207932435,-1.5810385639848115
1.672098922217704,-1.5942080433904797
1.0027179775600008,1.8158584128465631
1.3847565322752038,1.800432306470782
0.8095238095238093,1.9617632112630519
0.7809549250180456,0.8190419532503105
1.7012655143176263,1.8541171098418479
1.5756148148907814,1.7435289255661126
0.17042287298293227,1.1144516186163138
0.12709336138398536,1.058739077319571
0.06492412398704478,1.0775690576832324
0.47073789623443435,1.0250345046185334
0.47992389408551606,0.9496689322513954
0.5863225130353739,0.9123356386423307
0.5282205891960741,0.9170300010008386
0.3782544652545091,1.062059285250736
0.3251643066102366,1.01555370614166
0.2676821455383478,1.045809009767941
1.1208706532792791,0.12017693183873351
1.1088975539795354,0.20345166662006492
1.0420774617312325,0.226176303142413
1.039538242734859,0.2910849667082382
1.9542313774115452,0.23809523809523792
1.9242790435104065,0.33333333333333326
1.9242790435104067,-0.04761904761904767
0.9813668604997376,0.39728826047573834
1.0485792668645801,0.4147654810318955
1.1396058250359473,0.5178597317478059
1.0638362503346148,0.4930272527816975
1.1192437207750536,0.45197777717644605
1.2166981603829727,0.40234105756792726
1.0064673246910147,0.5149083303362425
0.8438096547854341,0.6481938757188402
0.881043724168703,0.7035333215141797
1.0037589814970789,0.7252981778921991
1.844810803420561,0.7651258548486524
1.7526050241133273,0.706900290078621
1.9242790435104067,0.4285714285714286
1.8158584128465634,1.1877582129161892
1.8382070428759998,0.9405809100641852
1.961763211263052,1.3809523809523807
1.9211316490003785,1.476190476190476
-1.77986833061954,-1.2982128475110066
-1.638255626583123,-1.5306036074831886
-1.7183728426648603,-1.5741603897075787
-0.636621026732476,-0.809529489008847
-0.7015379292908226,-0.7984055096703725
-0.7391605790238696,-0.8828436941851519
-0.8806585191997955,-0.9062404631182173
-0.810464669966365,-0.8911848433988275
-0.834325965092337,-0.9510965535705243
-0.8600634035066101,-0.8311008373278038
-0.9129141548798115,-0.9859146647655448
-0.9343173108654907,-0.8013317639107431
-0.9534337662202095,-0.9231441827460373
-0.9276528600213508,-0.8641000969140779
-1.09528859599075,-0.6986958512746709
-1.1725520794134563,-1.0053428879380943
-1.0257992876860091,-0.7672601496546294
-1.069638520925349,-0.9465282654446151
-1.015418768057676,-0.9155419275562946
-1.0028339661731078,-1.0004926637787392
-1.0867464810211689,-1.036038983948642
-0.8798798039654883,-1.0611000765230552
-0.5689988522671584,-1.1171270892769931
-0.6384257072049164,-1.1063713173972505
-0.6825573511740773,-1.2715245875180832
-0.6778299340395965,-1.1843148482552617
-0.769393540322571,-1.1746495524626197
-0.6067827378267093,-1.2318991354614623
-0.6121961957836435,-1.1665115779325337
-0.7284486006952189,-1.2253039399056926
-0.9148657542201892,-1.3341131043362506
-0.7906045665786405,-1.3329093656334492
-0.5327044960279819,-1.4658203625511605
-0.5904402385567942,-1.3554139611253133
-0.6211744068554985,-1.2966418942209526
-0.525555705807869,-1.28406127872052
-0.38865778160081654,-1.1968633445705752
-0.30491774893891643,-1.15931790635759
-1.878219608011825,-0.6769754467260403
-1.604729531063167,-0.9285923481864784
-1.7532167315857552,-0.733574410410146
-1.7042645322072625,-0.6337731967784201
-1.7918664155387252,-0.6754108034774952
-1.7100960498221736,-0.6928189158210687
-0.891890264516677,-0.5149330843063097
-0.9480226696849227,-0.4804787631822392
-1.9373875186218916,-0.01528240519576974
-1.770292919680137,-0.11719075815042372
-0.8354218980470322,-1.8706838945175508
-1.2336785566402055,-1.8636242797072295
-1.1676689799447117,-1.8609014192859332
-1.2733040091300125,-1.7950412892497076
-1.3256120393152104,-1.7632405243083609
-1.4116906814529706,-1.7962657436990515
-1.5251525518171112,-1.7659220911234061
-1.457672488161565,-1.7223808788508856
-1.3760835912750022,-1.5840287284083336
-1.4708516242195504,-1.6213755533694154
-0.26399332661846076,-1.8706838945175508
-0.38276258922805917,-0.9560947262380798
-0.44818388824288935,-0.9637105511641696
-0.45866136761532844,-1.0416913690144833
-0.4071630557866899,-1.1118351916070044
-0.46136185182422046,-1.1647178644378688
-0.45373419571958695,-1.2457571024327676
-0.42885906740736346,-1.3788845937260965
-0.46226917738201,-1.316239608684036
-0.5119470933678983,-1.3829657709348886
-0.35564314072629144,-1.2996050319432224
-0.395363053258562,-1.2556932383404733
-1.7394858738596444,0.11918869254655412
-1.7909003471582285,0.08544199211571067
-1.528479613164325,-0.014969280734851778
-1.7922170311768078,0.1988024975482635
-1.532521494744865,0.3028468490016355
-1.1088975539795354,0.20345166662006525
-1.0420774617312325,0.2261763031424131
-1.0395382427348585,0.2910849667082383
-1.7789981705649889,0.27248841229733584
-1.8706838945175503,0.9741019114767769
-0.9538495840903606,0.6010135911965097
-0.8833700589519761,0.5972758954608496
-0.8568886161663329,0.6565912849226387
-0.997417830041073,0.5255511756132187
-0.9589411280131822,0.4663829642645438
-0.997069040729638,0.4137916673524182
-1.0000000000000002,1.96957911411972
-1.0952380952380953,1.917407541643661
-1.5778698652509018,1.7941949503166206
-1.3215332910165662,1.838207042876
-1.8706838945175512,1.216374278999413
-1.710767140868209,1.8825656983742418
-1.655442647757749,1.6359257630716348
-1.7510939842885338,1.7199836824210273
-1.7782134546351143,1.8320526225164138
-0.27741673315809273,1.3314857095296702
-0.23139442659835513,1.2475329021948551
-0.41701002268423065,1.1417720395760556
-0.4793496378526032,1.0890820306085083
-0.505078128944255,1.1827456427883165
-0.5589490073385375,1.0966544584445024
-0.7049891652580614,1.0544628158096188
-0.6377197390627882,1.0954636748411395
-0.746558679524991,1.1983495679969114
-0.6334697119102372,1.0128063832891991
-0.7061623904016563,1.1320720495757495
-0.7183276957126642,0.949338362505082
-0.5773307432118409,0.9858092478115961
-0.6693707338596941,1.1999462143552946
-0.7946588052448985,1.1235828670854047
-0.6614601859970062,0.9617677924849561
-0.7131953488600808,1.4520169885301546
-0.7105191060119238,1.3226372505148647
-0.709117156886858,1.2548617081582738
-0.8234448126880456,0.7700060088785936
-0.7552755584640513,0.7528894820037952
-0.717105747163112,0.8065030971077205
-0.7115677367257133,1.8158584128465634
-0.3360513108933345,1.8158584128465634
-0.9047619047619049,1.9706927496020805
-0.9506879289263406,1.863514460717506
-0.9037065887809611,1.767453564121106
-0.14285714285714302,1.961763211263052
0.35858032957171027,1.7497157977035531
0.7142857142857142,1.9242790435104062
0.29014682888771987,-0.9881493525470917
0.24343000495056483,-1.0345765591755065
0.3053408724008058,-1.1395571234703485
0.248255885528692,-1.59992535647776
0.3779716336223794,-1.4183013054687486
0.2903294541455782,-1.3669337877159027
0.3314625052811804,-1.3101044019993837
-0.059999968098188,-1.379014307700131
0.08839596827044185,-1.6546401718644974
0.03812730760160875,-1.6063814988168537
0.3827625892280589,-0.9560947262380799
0.47208298945448546,-1.1415845790787702
0.8267630061403461,-0.7661766094976081
0.729131217809207,-0.7646908133608755
0.6860493761185678,-0.8096156793261091
0.6661287227005548,-1.8782196080118254
0.6172887884239391,-1.7778357913852592
0.36501504270247304,-1.8303059257925858
1.8158584128465627,-0.9074798823219064
1.8231264474551134,-1.2799233967347046
1.961763211263052,-0.7142857142857143
1.9211316490003785,-0.6190476190476192
1.6968015344862857,-0.0952380952380957
1.1180724786266023,-0.6509395713392798
1.1359772224367337,-0.43254652868991345
1.1369805367298131,-0.35092877311693604
1.2246153503267687,-0.3928210987416768
1.1948298973668348,-0.29573046915950085
1.254040895925687,-0.18471781210893537
1.2430371826574258,-0.25014580500981687
1.1734940367394444,-0.20481070169537133
1.1966285469800289,-0.126059050627339
1.1800445811548566,-0.0637702719689475
1.2065835176611674,0.018761453301033418
1.147876466514842,-0.00011746917065640072
1.4458522304814099,0.08639046027435145
1.198622592750589,0.09731277719864102
1.3322045656875523,0.03139528208637267
1.2825089480860827,0.18671464456426518
1.2717031787692668,0.002118089631725821
1.2253618333807372,0.15627966418216546
1.2808241355771424,0.09558356163339024
1.2075827967812203,0.24590549192263955
1.3643869871126832,0.10981440478460638
1.4549148456507335,0.27128338790243167
1.4286398836989669,0.17990269969393685
1.1414159380914743,-1.8707176284367735
1.075779464654485,-1.9187554140094716
1.0613837328908713,-1.8621943994665062
1.2182412524674764,-1.8750996507585778
1.29511452537462,-1.7863495686455033
1.5485242420257097,-1.8636030705283504
1.6200435059075051,-1.8586344930672223
1.7047878676612989,-1.7677167086310401
1.636744753103486,-1.7925248590247236
1.9416588079153407,-1.422891851371952
1.5426083752689062,-1.3855816109288472
1.6238917284512868,-1.6606260723677342
1.581527537409354,-1.7261917111714762
1.517166558457265,-1.6381365995230759
1.4722106570232214,-1.7545129463688243
1.447056647765687,-1.8211387525239966
1.5096276210119555,-1.8067006491973758
1.3873234536162,-1.7678156722968223
1.5753414541950332,-1.626544220757381
1.0258980885232223,1.8706838945175508
1.4241547471163958,1.8636242797072304
1.3581451704209024,1.8609014192859334
1.4637801996062045,1.795041289249709
1.5169783417395462,1.7633817318521703
0.7306430887250264,0.8586076186306708
0.716913155120996,0.789377402999247
0.771856097196511,0.7547240430597026
1.6038061369836822,1.7961944862733636
1.5885985495956887,1.4968522235104196
1.6761914585301805,1.6773763036001295
0.556028113967626,0.8651966335618761
0.6558471303522613,0.917427810434936
0.6793603647279097,1.077395989835132
0.6852613649054184,0.9948164608596521
0.8035802404022444,1.0130403436143605
0.6126459940130122,1.0311280858486727
0.538477219105251,1.1029462452410514
0.6172086301137777,0.9678042784557174
0.7388424610277722,1.0401458821898966
0.8600095822758311,1.2386752417116331
0.7706136022686016,1.1569954568059355
0.7370378011594912,1.1033806040936218
0.6114437709412726,1.1040937567437825
0.5717248009515015,1.3092673409107538
0.5733935173920478,1.203159049735491
1.6968015344862863,0.38095238095238076
1.8215300553999867,0.6861337129980681
1.7678156722968223,0.6266122579510657
1.7393834675908848,0.5017371528279332
1.7330219521849963,0.5688599229907456
1.8121925483473262,0.5425004237504303
1.870683894517551,1.1645781019529677
-1.850046548390242,-1.2685416284802615
-1.8419255444847773,-1.3471620640312794
-1.7724982697349854,-1.182953023561165
-1.7478958249929164,-1.4025594903769996
-1.7979785788007203,-1.4760415018209114
-1.827918823020807,-1.2106647020024697
-1.7841503167599773,-1.356596492210682
-1.6714549649152683,-1.6324619905295574
-1.5890927419170686,-1.6423955565642816
-1.5281837321031961,-1.6419458979221657
-1.533453757978293,-1.5370766517513397
-1.6247170874091528,-1.5913559332981306
-1.0212504333157437,-0.617963666646306
-0.9547984961513307,-0.7164736133343028
-0.9732357270984172,-0.6572425888694715
-1.0932372910139108,-0.8457628852685404
-1.1165092411733737,-0.9839602418291793
-0.8842233566397955,-1.2159809226575706
-0.9085554069425229,-1.1377972135742935
-1.0390582488742146,-1.15942734111579
-0.965552505589023,-1.1984137645913944
-0.977326889178522,-1.1273743998222499
-1.037085587946317,-1.0877552644290756
-1.0754170104891583,-1.3167666147975052
-0.9374213287200166,-1.2652221281039338
-1.0180533223620674,-1.259847241184021
-0.9965896025068096,-1.3388439298405843
-1.087744322919431,-1.5125474025516519
-0.9476931584694455,-1.4752728742837962
-1.0606962966746074,-1.4159719903804886
-0.9520586145477842,-1.3998606930648432
-1.0015366993855905,-1.440557321886322
-0.8443473270365995,-1.4314579523961486
-0.8909753800392007,-1.3910213281042563
-0.24061935542173696,-1.2071478386569452
-0.31205812097020474,-1.2360503454520482
-0.19571615602922943,-1.2515638226481636
-0.1757242207426809,-1.3375102066349212
-0.17534454654735412,-1.1847005084122129
-1.9427044616370674,-0.7142857142857143
-1.6524428046282582,-0.8395288344452814
-1.9354860216378709,-0.08126488923091452
-1.8397261293273515,-0.10088060080417338
-1.8204009126620029,-0.17455763969307286
-1.7861789843523073,-0.028873065815843854
-1.7896109897050518,-0.2405710624841035
-1.753791005935686,-0.1821718536388101
-1.616594772820136,-0.13163981016516516
-1.6941994411679284,-0.13245273454021234
-1.6547256760075542,-0.1961434757623453
-1.6565589002259287,-0.02113733516551143
-1.5831909254899208,-0.3689297660538001
-1.655906901668021,-0.0833794494417998
-1.5838091286674356,-0.06479144092823651
-1.719702792102987,-0.05292325206919285
-1.6366245839184952,-0.28985058752539405
-1.4454977413062688,-0.17408998444940568
-1.5005611824238434,-0.10160773028813426
-1.5468129404716577,-0.2164131105594309
-1.3531254517647262,-1.665547311697345
-1.4097529676802558,-1.6375032106732113
-0.34895123987384646,-1.1203113393626605
-0.38015935597961914,-1.0611362181464497
-1.627567466426485,0.2396713671261552
-1.6924049815664333,0.3062744912401867
-1.131254926281921,1.8448108034205613
-1.0870728697243874,1.738154442518586
-1.0597117080050145,1.8545493849578312
-1.088714481738068,1.7999537282871736
-1.5508680782639255,1.8580594408657491
-1.6264708645599208,1.8523837595522077
-1.6474594653186474,1.7854625705955514
-1.6024059841559126,1.7080758431776992
-1.6987181508945095,1.6739560602364156
-1.7179140999659097,1.5942155693386035
-0.3262457247342092,1.2651248749688895
-0.1653195031102967,1.252437184632222
-0.20035655107175215,1.3217575561129484
-0.11379045051692536,1.5293568973266805
-0.222930169151769,1.453018561336314
-0.2316497738003414,1.383947454708318
-0.13211107834640146,1.4064675306469627
-0.2631940789198763,1.1963253201632398
-0.3581586329735466,1.0960289240759788
-0.3814724042023842,1.190069289726752
-0.44496883839315704,1.1968107381686746
-0.7812796856448686,1.0482152714624315
-0.6883876257624918,1.870683894517551
-0.359231421856556,1.870683894517551
0.37466580223098644,1.841149584906523
0.27661974782043264,-1.0908554982176677
0.2983199466982984,-1.1973919644089066
0.37783980971151326,-1.091696434890038
0.3712548085684227,-1.160562245725316
0.4502312134063229,-1.068903561765247
0.1786628222099875,-1.6237447833671725
0.19263025177860627,-1.5509788189554672
0.2660739519783748,-1.523594552291191
0.22261917356906694,-1.4753271313280025
0.33800262770685474,-1.4618691389626899
0.5714837790496221,-1.508640796354143
1.8706838945175508,-0.9306599932851276
1.8586107990458842,-1.3334145358587564
1.8751271733796966,-1.2579375872103395
1.7863518976740578,-1.1810750498621163
1.735968391245072,-1.300752293691665
1.7131789780860045,-0.564504218949306
1.8058710924860097,-0.14135250007479766
1.0826150115556339,-0.5943180573887445
1.1703601095302616,-0.5845600307834795
1.3616768620265234,-0.7890450197050158
1.3393975934815505,-0.6181488178944702
1.2591256120395042,-0.5799823601089991
1.062867418108274,-0.4470680712245962
1.1492056577589143,-0.4910320414123577
1.195881826046507,-0.44745934817419947
1.1367302176947418,-0.11141864130035295
1.2694728472698136,0.24723071381916414
1.3579668508976457,0.23463157217401506
1.1951389120305291,0.32511394115977593
1.1580181545508546,0.2787004485025804
1.5574465596477391,0.1552713066112253
1.1322149130267598,-1.9404736610319056
1.165038645476277,-1.587664657000488
1.6196423126319575,-1.4493182660410076
1.6138075751914094,-1.3543456830315095
1.7536289649330485,1.466626827605836
1.5558274929637552,1.618807379372199
1.6986925061703828,1.7402814636301036
0.47608931073539706,1.180872732708141
1.80587109248601,0.33483797611567867
-1.842536846756502,-1.4193030329734149
-1.7626271778177207,-1.528712506410853
-1.4484389189927085,-1.5393371279529224
-1.2952385872539218,-1.3722242066631334
-1.4867679264860074,-1.3810599032554047
-1.3558834171945473,-1.4704076796205723
-1.489009994166775,-1.4653824113808007
-1.3885008031475758,-1.523214954944733
-1.4208276624326883,-1.4250042632998912
-1.574561782057345,-1.4209165966886335
-1.3565319971814684,-1.4021861378324847
-1.397250975617624,-1.2412117093208983
-1.3599957442258832,-1.3174250934560106
-1.5496083267947605,-1.4774396998723673
-1.2179421060687214,-1.2152195407908921
-1.4427468870059676,-1.3106637728909427
-1.2762021811225346,-1.2840665823697994
-1.552970711736804,-1.1888320162592396
-1.4819504109911774,-1.2353552316024072
-1.4283879772349672,-1.0761193223617813
-1.5692646803476498,-1.2911755206342939
-1.4759616931979642,-1.148743271294736
-1.5381400400834557,-1.2436620094580477
-1.5086961456052879,-1.318385484642746
-1.5621894347788852,-1.3564430642993595
-1.3885757948263922,-1.1540930726954697
-1.5532535374367338,-1.0462177468906935
-1.3164161603204283,-1.205269902963772
-1.2958095256417401,-1.0575774452881277
-1.496191746580684,-1.0835971715902752
-1.5591986044972448,-1.117536951986633
-1.6184569456474285,-1.076689872619316
-1.6134198634895833,-1.0024717973734971
-1.6333294787023545,-1.1605664553129507
-1.3588908225180127,-1.0897857729248017
-1.297235569135854,-1.1326622664139396
-1.7009871992342882,-0.954720538517788
-1.7041191499877024,-1.1642669978172897
-1.6638044553870948,-1.2565313592153442
-1.206478092317982,-1.0968300192024198
-1.1202262333555448,-1.1213301347605285
-1.6094282640146333,-1.2209779413569253
-1.014393460091922,-0.5449444252278766
-1.1343928214452716,-0.5020804896250242
-1.0679530395279568,-0.5054831275233819
-1.0682337527306034,-0.4395036156970413
-1.0270934966391745,-0.6990762709304669
-1.0385243393645354,-0.824546431250398
-1.0993427234575204,-0.772300221525529
-1.3384448996103033,-0.7222166419512072
-1.215071825514903,-0.7290120287827959
-1.1504428725019709,-0.7325717904201193
-0.8352257162640474,-1.1719297725043718
-0.8083100822755016,-1.2511431151441448
-0.8691356492439065,-1.2829348030907186
-1.692730853433469,-0.7971696931918504
-1.6534288873377367,0.06447358191220662
-1.5943253458091176,0.01945002615462369
-1.4870440774025488,0.14449144938759567
-1.572563875894367,0.10932197140384933
-1.7078312831773135,-0.3121779480648517
-1.7196089454735413,-0.42002679815862354
-1.4041291966573222,-0.08550658766217371
-1.5087870161523065,-0.16501321653209922
-1.606235317980791,-0.23537857392775968
-1.5544050868971366,-0.2951989780485697
-1.4100431362249983,-0.39404515628488074
-1.4937009352549064,-0.36138363231294546
-1.6797581536694401,0.2049810824391738
-1.6170949738536886,0.16731080708898427
-1.6121419145409153,0.3195489146185247
-1.5325816749592607,0.5006902549639531
-1.6626730283450752,0.3757921901773431
-1.5533339186927615,0.4017622303907246
-1.7248149280509932,0.3662058044706577
-1.033748463322049,1.2957359652364022
-1.5694890483256805,1.628310646567606
-1.432937771546568,1.5245944044198936
-1.4908260257856416,1.7074473071762133
-1.4816851425074014,1.7983654058592622
-1.5146953505083252,1.5587024011113775
-1.5467477714556566,1.6843699176383617
0.0763923833026387,1.3707234678270794
-0.1554712493731317,1.4727604422554197
-0.3107763627044567,1.1272270969973848
0.31132066929109836,1.8614941081095224
0.2337839010392325,1.7731943987924523
0.4520190394229565,1.7804094199376952
0.463718691406786,-1.4870529648353965
1.7523886530613657,-1.3639845589048338
1.7684717147062423,-1.2439918053864356
1.8233533515020381,-0.5681452222386777
1.864768196581867,-0.16625408537316855
1.8620269617178196,-0.09063528066962492
1.778341345694819,-0.054423131525315194
1.4056434273386804,-0.44250412695405017
1.2428880617671734,-0.7176308449622594
1.1947587390485543,-0.6575624403993202
1.149713846944283,-0.7318507671171883
1.1934235799386346,-0.9912283038585632
1.1498530048394222,-0.8651990190218126
1.126810856502243,-0.7985488664951476
1.2172623598986607,-0.8045862833963021
1.0554166357298465,-0.5033076602294634
1.3451769219596694,0.171400007453377
1.3742684187821714,0.3380570164076597
1.4882526079109737,0.14253510972477382
1.5103261731189976,0.21694112251073225
1.5718069774990147,0.3350532668627849
1.5230748282702429,0.28536242199859113
1.6181232836738548,0.24088915327380897
1.4737361870493875,0.38249056010524807
1.154930557891006,-1.708782197845523
1.675143493788716,-1.4329743170358336
1.545608909533045,-1.4603761130614452
1.380137534882596,-1.429556897979201
1.5844132776018929,-1.517947814459293
1.4593587191299908,-1.4638362156654314
1.659000766278969,-1.5204936744239244
1.451870273291798,-1.3724607014707395
1.3712375242700947,-1.558806938729372
1.4419355259117395,-1.5360378245984074
1.3897517128762187,-1.4951503619996311
1.4297572386475237,-1.619367347798313
1.4837520217316915,-1.583991738787229
1.2528215232109179,-1.4817192028535136
1.31925305780094,-1.509166856753858
1.2542916389761654,-1.5722770045885328
1.4517735307455992,-1.6866921146357146
1.8387456811386838,1.447494782987442
1.8621677765598157,1.5128632423086539
1.7761337925821972,1.36784448291231
1.8375003408466979,1.384039449699432
1.5378835058551787,1.6855846508281265
1.6062466520190128,1.6681552487369034
1.6538854668806446,1.5766867784706458
0.48374270781236445,1.1230629302810975
0.5317341648667043,1.1614848677065002
0.5102622125024061,1.2552334798084195
0.4420149362852961,1.3948368333215502
0.43953071047644504,1.2427059928209339
0.4625967776285579,1.3184150380573731
0.522328040939633,1.3754842401333551
0.38327529478164024,1.3380346938373624
0.7561680196703815,1.4983921168978742
0.5174985777489178,1.5317676699089506
0.2677726867575655,1.5162497425481416
0.22658417829516506,1.3238711960255214
0.6489765808886823,1.4184289981322766
0.49850983602935944,1.45296454589623
0.34299280133035814,1.43846389497281
0.3068340778010232,1.3098851718025608
0.5926254944632081,1.3763919785006309
0.5780952557827607,1.4546580578972108
0.38360929556373574,1.3964619856773326
0.41805399701003654,1.4746425402689496
0.2789476189107651,1.387100975336092
0.2528420243561453,1.2373106341961384
0.6563693391847673,1.520346134218137
0.3497957980072184,1.5203049270832452
0.2793623707944993,1.4521947164235964
0.1571271533702867,1.463154293966326
0.4308090920854142,1.5675583461280085
0.30291595124795423,1.6369736585954546
0.2012132696558898,1.398179149833206
0.3062003802545299,1.5705404091425883
0.3694120719826099,1.606963380880049
0.44307901342136946,1.654210015110574
0.3615199687750774,1.6781516982018074
0.13519963929314077,1.4008323631477244
0.5088680044091387,1.6103590771782137
0.4646116671591217,1.716100991919976
0.5913414667753418,1.5796463712387283
0.5790273607236504,1.5177553445094847
0.7368263992461039,1.6738787850799213
0.676449948759237,1.6076707509125254
0.38472119117717707,1.1663197704749761
1.864768196581867,0.3099363908173077
1.8620269617178198,0.38555519552085127
1.8234479148495641,0.45968980077253746
-1.1852538662932421,-1.4331623552003325
-1.6586350996369166,-1.4454329021800518
-1.609166188071903,-1.4786196137564351
-1.6905104377167555,-1.3974407461828926
-1.6999958135100113,-1.5003531417049694
-1.177173752953155,-1.3087928143014396
-1.712479644732566,-1.0266419579180055
-1.6634259176148145,-0.9027250077738121
-1.7602016299223957,-0.9562482838837958
-1.7081153174417403,-1.3155790212816885
-1.627246259047076,-1.3030843646447134
-1.2326407382717215,-1.0350942433017443
-1.2723846371350278,-0.879267641168569
-1.1779522597020664,-0.9070552365413291
-1.2923417460937199,-0.9673394263888042
-1.1874586578106592,-0.8161461261569697
-1.3774083560489148,-1.0004138256173316
-1.474476746234092,-0.9882042777680808
-1.5462501153506352,-0.9729220372084344
-1.4760995884121175,-0.819642290099075
-1.5282661776458029,-0.8884600897590413
-1.4368797758801246,-0.9035535044922831
-1.5670580461223476,-0.8048732737317483
-1.2364876342614093,-1.1536739131959461
-1.1446197458386456,-1.062538269246217
-1.1177916007417492,-1.2216578375469622
-0.8519714902418151,-1.3426526631706996
-1.5038264390108922,0.06373847727309977
-1.4378818960234856,-0.00013181344802686706
-1.5253043638041412,-0.5210032166523698
-1.4144738393244245,-0.2819242896332647
-1.4869650352960717,-0.26193905290596553
-1.4048920717422513,0.38134811325071905
-1.626292800238288,0.4687075207055236
-0.9273410086455794,1.1914139684866922
-1.5280791873862145,1.7571112912999995
-1.4271725082840654,1.7469661586033391
-1.3584296685883095,1.7532500526498958
-1.5426239993395592,1.4125737422758549
-1.4421711227868186,1.6175031777950801
-0.03230146020319222,1.3626836191086884
0.4536210334095865,1.850644203387274
0.3970837405596056,1.7900739025641668
0.5311805471580189,1.7678156722968232
0.6327866842047233,1.7181834443371704
0.59883044978954,1.814312089686045
0.5725775643707733,1.7237436720144548
0.5964596412394948,1.6535831828995253
0.4030304020562656,-1.474895701343883
0.4723877011504533,-1.3883932897950395
1.8844411665366017,-0.5701640305022063
1.855518056659371,-0.5043235231273616
1.843498071908299,-0.6488115272418031
1.7663192592673964,-0.62523680593109
1.8148673447688939,-0.7336494762883191
1.6330521183855502,-0.6882291009420085
1.6907217886570838,-0.6377688349436799
1.573236703573459,-0.5616830001643282
1.71364034230477,-0.7221465131950843
1.6211521151598336,-0.6164442253073461
1.5009880933606965,-0.6732429790044834
1.5691526540038272,-0.6619431267116261
1.5549223247236783,-0.7873467881792202
1.5798826226784954,-0.7266699551220864
1.637587214463673,-0.7858798857533458
1.760128064004805,-0.7642051871989686
1.789215383766815,-0.8353671501425318
1.5991705338482813,-0.9509264680670932
1.6536494972087192,-0.8766128607578213
1.7338491629248571,-0.8968011336916166
1.7611191749779975,-1.0076177826877655
1.76902433077893,-0.946908806365406
1.7549955792797116,-0.10964042063654716
1.6981651506377917,-0.21449887613490606
1.8426152262432731,-0.020691406693990985
1.7608980922224884,0.05691496634141412
1.8245245844613183,0.04208570779504764
1.3217827861406855,-0.393419893279566
1.2776690420131682,-0.464325391631469
1.341950895905695,-0.45514284839834546
1.3913816529173277,-0.5374401068085313
1.2743048016657679,-0.6515549210113191
1.32471230360206,-0.7160286167003365
1.28772644323152,-0.780617567211529
1.4177435741283928,-0.7147963868541434
1.2920830843086892,-0.9089861412284733
1.3179759264487079,-0.843849160140893
1.4453222954358735,-0.9321859562720882
1.398719634855552,-0.8634086824913942
1.3664523539137783,-0.9354499477255039
1.4897411484669336,-0.8519109306915007
1.2964301284682687,-1.0144990862077858
1.3042667736290774,0.3917287327858931
1.3915043200158115,0.43302292242963947
1.2760422932623823,0.525428290177996
1.2673576348351248,0.45376600028290176
1.3358517641585321,0.4818226731578607
1.2091815053759964,0.4971736748078086
1.4914070346530524,0.6030883962300105
1.2080471710234393,0.5930938130324098
1.3726150140290208,0.5950673004082608
1.335715873445625,0.5444564336064797
1.290062264881705,0.6164979210982826
1.4015457380238545,0.8762269007398937
1.3656244802875361,0.7378548665438394
1.3468071386963656,0.6653687121545484
1.4282104376887708,0.6553643430839976
1.5762841063561357,0.7700339010140321
1.5151136396214315,0.696084684118016
1.3332199628999906,0.29152951381148007
1.3955739922205475,0.28170148310419585
1.6248833113950987,0.1717888801426017
1.6500679175988504,0.3150745030010394
1.7212288056378306,0.2404617740200258
1.8050507324051523,0.25029833421170156
1.72267542452164,0.3130822023929094
1.7714211069869052,0.1748109028123635
1.7905958984729047,0.1136818285822711
1.436838489659963,0.33153903648434896
1.1493700023505733,-1.7754101140668708
1.22469887422075,-1.748150832580526
1.2960836626976424,-1.7005614914620983
1.3285551775082165,-1.626977482097696
1.4920127760290616,-1.415165530926869
1.5155872188933122,-1.2521356580739569
1.5536100864091231,-1.3138951988266139
1.485506432091318,-1.313239535942952
1.3333128563120313,-1.20036009917356
1.382074381923789,-1.2936555233449112
1.2006803761823457,-1.5278564962720467
1.075604347198714,-1.3339725147267893
1.152938066651596,-1.4213696838602379
1.2223292614426853,-1.6534265159015324
1.7896109897050518,1.2956213756258872
1.7612507347268598,1.231595085417293
1.6094274467622742,1.1522338375700967
1.7204203474152326,1.1248017096387204
1.677054303351261,1.2077638047973829
1.5435250891524808,1.3249834428712643
1.6677876291219873,1.1501046955470504
1.6356229428233449,1.0693609543291014
1.7296870216445064,1.1824608188890529
1.590669092093592,1.2440230697939758
1.6999769601154067,1.0635003730256347
1.7678156722968223,1.0178233082393673
1.4497737171377583,1.0561919511348292
1.652190195216295,1.2695598251331677
1.6558542946073922,1.392232104349282
1.7386185165806767,0.9609426240523959
1.6376087237348542,0.8823609057827714
1.7125379776752876,0.8902564308938066
1.5411189610528102,1.0850654967820332
1.5831638753341983,0.975293315883668
1.6695980164389488,0.9382700902659595
1.6854038518361096,0.7882712697240185
1.6301336875652876,1.0107608229628204
1.589732263558054,1.5625374669499532
1.4748531838474257,1.5316678509798975
1.6733830301407135,1.4941297369710478
1.6295050384776664,1.4492212712655703
1.5435850358893233,1.4168124837930243
1.6987452135573675,1.4373103692551374
1.7676217013100086,1.604306030504338
1.8337974506141335,1.5781288479962015
1.777959239184143,1.533704733949284
1.7179232572609926,1.560971650270493
0.13030148027408547,1.2474012795292455
0.1594347017832583,1.1836643450711228
0.13744274488827002,1.3239670272534312
0.6967697660854104,1.4661889183200254
0.7692445238473515,1.3458704847671787
0.7181002282268242,1.3970504026300878
0.6750574080568665,1.302893233102997
0.460327069032892,1.5161728550087652
0.7298366401570717,1.7994642464919899
0.6668637902849395,1.8292131478615103
0.6754377632727905,1.7658373297206835
0.7157904314416643,1.5526531529437522
0.8297665423061261,1.595313150044964
0.31892294678540634,1.202077766714329
1.7551837513454822,0.42826847329114676
-1.1192370976251766,-1.4516517745192745
-1.133115309370528,-1.374102476349913
-1.7420741224914564,-1.4603356852185303
-1.2205993865203237,-1.2720449655506263
-1.2372218809975992,-1.3386179680562118
-1.7269022018517997,-0.8762632763658471
-1.1155372547138198,-0.9041314797393897
-1.223729271848662,-0.9588625208585722
-1.2696526561457497,-0.7942513412780295
-1.2771396117003702,-0.7325360720228004
-1.2542532182510386,-0.5872748844242859
-1.2499889363443273,-0.6623802448284276
-1.36313787116406,-0.83379925923873
-1.158310495620961,-0.6195012501802303
-1.21693466500251,-0.8651800416590374
-1.4884089243433014,-0.9313418263212475
-1.4217464788936565,-0.9609494233732857
-1.5924914666241976,-0.8647238698988833
-1.6263100345076982,-0.7814013036989705
-1.5451663700126832,-0.6630875145322885
-1.6288793695758506,-0.6710292706637648
-1.5722619634401551,-0.731486877040709
-1.4807383565805818,-0.7281763849749103
-1.5949309369445623,-0.583700504123664
-1.0939612803806382,-1.1708861600854037
-1.164920579361993,-1.1726081154252945
-1.1238319717902814,-1.2813431906430872
-1.4768588085141228,-0.04615241030999216
-1.3692064342698527,-0.02234055363339854
-1.263857965916,0.07068436599184294
-1.187295360872086,0.08061269657807105
-1.304174250281708,0.010176827335290788
-1.2307758995072013,-0.03128855048317645
-1.3771403709559689,0.10247946439234555
-1.3256638889033807,0.06818058966273083
-1.3872417786749631,0.03917522697990882
-1.227079809533276,-0.1549627084691691
-1.219491800931203,0.028724940511783037
-1.443613682663985,0.09334522449473956
-1.2046131519464252,-0.09239896733538644
-1.479012298151678,-0.44723027544426497
-1.5606599637111047,-0.4474073322861366
-1.3898837543336025,-0.5545683504985108
-1.6390533426320382,-0.42744101361366516
-1.4028606144476952,-0.47467059576323445
-1.3362190291998732,-0.6296024218770013
-1.6542479846800775,-0.35835614703148416
-1.683188021721302,-0.4656389607846603
-1.4541792177865718,-0.5240083951159152
-1.4929298491334735,-0.5979592664894682
-1.3071338183014292,-0.5001255264938628
-1.4367385344406478,-0.3389521059438465
-1.4827701490078447,0.3649620715902928
-1.4600628672413314,0.4502998990544143
-1.5169732376885496,0.4457754322840816
-1.2583323205080927,0.5551637823418234
-1.3488175286515718,0.48276332373168496
-1.397751180830492,0.443609754525046
-1.613028645155921,0.4099341968780256
-1.6335935553513115,0.643379800997165
-0.8715994909851418,1.1367649174227727
-0.8381673766999592,1.2266177964736424
-0.7838146746146667,1.2872188477054323
-0.7862408399800733,1.3857884812925603
-1.4995076105830627,1.4800664215178736
-1.5739067434906582,1.4800764903470278
-1.359883238466732,1.3433517262796597
-1.6729358326148656,1.478837103981883
-1.6198806780350163,1.4177707844085419
-1.4153836393330208,1.42632545451387
-1.7341567299255547,1.5214274391807707
-1.5902432739697479,1.281517430351739
-1.5853722996921056,1.353926944281746
-1.4744354304714036,1.3100956503929242
-1.5218093591220898,1.3524984668772364
-1.4587764225850344,1.3752557725789798
-1.439547815484475,1.6770541434574664
-1.505907936870754,1.6219897808833683
-0.09380537294155733,1.3581343075924475
-0.04622132394537597,1.2824154363573883
0.02615049509443658,1.3112059975159807
0.011520543460071767,1.2426247677733893
0.07284715100622093,1.1968656658085073
0.07006761408450576,1.265986400006571
0.6739643718764331,1.6705706714858928
0.41629925246633936,-1.3753128782334731
0.528580019116246,-1.443041486783947
0.7523447193124421,-1.3435229704260565
0.6033831520504662,-1.3099106087714938
0.5483056562562842,-1.3665443556644514
0.6573751737941373,-1.4175178500347607
0.4996848939747613,-1.2641607758515752
0.43134546736723334,-1.2174744692101505
0.6116923490592494,-1.3730903536171608
0.6765768849370805,-1.3324206761033277
0.5960430999948422,-1.4457485456087404
0.4962603891259419,-1.3285235381060123
0.39440921404293,-1.2621819632371551
0.7313239296979158,-1.2228890647039075
0.6601016886407294,-1.2557380216196778
0.7219786790915762,-1.2866659183482767
0.6651672406156497,-1.1730854479337804
0.5781481066212126,-1.226711229152866
0.594591185036199,-1.081018167800435
0.5154264168359008,-1.1962202555508141
0.5753912617184068,-1.152625666026376
0.6474675456185842,-1.1135691118330033
0.665007060844297,-1.035764632245439
0.5213895532214169,-1.0871349946823097
0.822600336350297,-0.9805902196341606
0.7113540273323703,-0.9592179363434559
1.7686430475512307,-0.6892726456051478
1.7045907819252175,-0.008942115740030884
1.6840507098867428,0.06561919613715965
1.6084286010015314,0.09304725151032196
1.5280122660425621,0.06842597579983827
1.4536739961661267,-0.07469740897236647
1.5850214674494385,-0.04164907690391295
1.4715160644242515,0.006902759663241352
1.6509061609865137,-0.04759596091152746
1.6238851635513052,0.020979279555613378
1.4035660081213623,0.02885086592077315
1.516188097337644,-0.045615574461174854
1.5474090204732214,-0.19445869224349263
1.6125547903674122,-0.13046860443470465
1.5144779310839316,-0.12367026062037377
1.3967728493959093,-0.20757803070440217
1.3200712070332106,-0.2294621250705177
1.470870948165916,-0.18701048019686223
1.3847436475747155,-0.31077481782752114
1.4172916539605027,-0.1377412370712153
1.3580871296944304,-0.06155457535231377
1.4986808148151263,-0.2982133565335893
1.3301549604426661,-0.14348782166036111
1.504573404678174,-0.23766090902113168
1.300669860655232,-0.08770809281467196
1.2556070538196313,-0.12575934160657756
1.2733718393843234,-0.36508461955584093
1.322507620912011,-0.5501743885621775
1.4293072453873268,-0.618963469093173
1.4884518237704945,-0.5034832617274637
1.4871106108758165,-0.7496011804049542
1.4338790153417558,-0.7994868496097955
1.370664601393145,-0.6728814748549969
1.223397820921071,-0.8792001390257382
1.176266310805238,-0.9266136728008396
1.0012489234459703,-0.9654981480732996
1.0850680031524627,-0.9294491131633814
1.0533190265031833,-0.8472188397907838
0.9783973022651812,-0.7902505143313894
1.025053250130827,-0.9053764618742544
0.9051346693980271,-0.8926697405648953
1.5244411996124791,-0.9235383583839581
1.5023146742204228,-1.0873600982176348
1.4930620060905537,-1.0027052642839398
1.3975873668417342,-1.0559735932166
1.5752669830462216,-1.036553432006783
1.4565868685170256,-1.0495250210150797
1.4081692080447497,-0.9889565792025501
1.1780732154108589,0.446993756552283
1.48476577277862,0.4926137162394165
1.4131107669125567,0.5267862788773502
1.4677166531907697,0.5490755978904607
1.4318492906358642,0.596230500748189
1.139547955398685,0.5866603737061239
1.0654852947725433,0.6162665688297903
1.05560969123669,0.5547680217935478
1.0695223710139854,0.6905405217237643
0.998792894040511,0.6504982817621818
1.1962449225166134,0.8476754964722802
1.147611012244499,0.7572310266921463
1.2509137834616195,0.7193332341953368
1.2349079166970274,0.6543705498305304
1.588336328099929,0.6278989765534664
1.471484536760591,0.7944490648454027
1.3846816884530402,-1.361657171457602
1.2536378169271676,-1.3326308226907149
1.3095058548248442,-1.390727989044316
1.3210612383708098,-1.3237051710879983
1.2779469216135348,-1.257141712466157
1.2343683499520257,-1.4070717426374808
1.2075590852026474,-1.1331252023226202
1.1640847516346167,-1.2621342439136536
1.2607039563188345,-1.184945066062956
1.3151115528456798,-1.1073819544888464
1.1938584787868673,-1.2003379372237486
1.036239627425099,-1.1332062689859201
1.1031517856444524,-1.1947057695971788
1.221942221897619,-1.2807655842133059
1.170113199753829,-1.3425641041066108
1.4398420744591318,1.2104014380199122
1.710468252676902,1.3527851496849799
1.5140539932876274,1.0117609724306196
1.433601688210992,0.9640810976283065
1.592350935737851,1.3708661089934582
1.5217765339430707,1.4817547923854397
1.384183516388503,1.3994162551782767
1.4619823030281545,1.4255421356192606
1.4499575999536913,1.3324505702533438
0.19356754563409723,1.2665928209194401
0.6203614084373883,1.2569649593781373
0.6765799203146305,1.1785624800953138
0.7554850622411589,1.2513282720868493
0.7468518398908077,1.8649603633798133
-1.3441941776199706,-0.9092926025632996
-1.3296531019121625,-0.7826858031604708
-1.407999778297088,-0.7632031539984708
-1.4219675259798708,-0.8454623604329196
-1.0896591905841115,-0.6295428018927054
-1.1042092207475764,-0.563068300055817
-1.1890522987821424,-0.5520930894101448
-1.2002721882651148,-0.484955355932051
-1.1495294456148222,-0.42503061685501925
-1.5156588034946068,-0.7757979860164365
-1.333955790577528,-0.1670135951752338
-1.4117308289175672,-0.674121445473866
-1.3955244609602562,-0.6153102798994186
-1.4768001211790807,-0.6621284007600707
-1.3047739437285022,-0.6766920244383421
-1.3249103652023393,-0.41441396652227436
-1.260134337374893,-0.29066890585672517
-1.351048321130026,-0.33556586835004004
-1.2721058829973733,-0.3632287130073284
-1.1837940546259778,-0.34053167532928064
-1.3241982992335504,-0.5642974694043073
-1.6041544178000355,0.5571215503772379
-0.8020236477884707,1.181176563603867
-0.920553901642036,1.3047650531819004
-0.852429127379935,1.2940838951634288
-0.7209193220074475,1.387139668487609
-0.5325278102562492,1.3844258044169575
-0.6263922199264753,1.408784187858159
-0.5851000980832937,1.2804294389022606
-0.4930096478761244,1.2755300834853236
-0.6517072871069233,1.2899515124675494
-0.6101103223228728,1.343202848470958
-0.6131070047377599,1.2253945550634413
-0.8654506981657647,1.5465478417061018
-1.670235544604679,1.546345990089461
-1.7239502602092782,1.4365859170044804
-1.7678156722968223,1.3688054801263188
-1.7105746751562567,1.260988212814698
-1.7203049331359042,1.3249258171038294
-1.800748091458695,1.2854869013998598
-1.6492472311624902,1.321279540211677
-1.1895692779408549,1.517321974769248
0.7799355560254319,-0.9024535730873928
1.622604066554346,-0.20585557975709656
1.6534811824411366,-0.27052808731210004
1.5744086296379256,-0.27501978036547503
1.5727394723839823,-0.4047936584167746
1.5527842934347826,-0.3396393206265424
1.475051304810758,-0.385117480988615
1.6212226004888721,-0.35431140261012783
1.676082971937371,-0.4555219817781875
1.7811201185381451,-0.42359513638419116
1.6723682413271435,-0.15515564930754278
1.5656469485670834,-0.09633233396057445
1.329559122292121,-0.28829098052787105
1.3871527957910468,-0.3779151925100617
1.410917947520909,-0.03148946292129975
1.4373143067215863,-0.2646032620206608
1.5033784299320643,-0.5956161555409188
1.4309558976801353,-0.49484592602708577
0.9986415081676729,-0.7028415462178791
1.0488025288235125,-0.6549049025696863
0.921311498742769,-0.8268286013842887
0.8514714377218521,-0.8445771089907144
0.9678337332298279,-0.8731667266677638
1.593093277684087,-1.1399286008691174
1.6587934742927009,-1.0137206871510058
1.7117497180617167,-1.0407385633945092
1.7678156722968228,-1.0975979742789048
1.679251028677475,-0.9443027573319771
1.4525718744676523,0.4402242326802418
1.0472157578282726,0.869513662554735
1.2144216192267399,0.7796035234385141
1.3020234970575248,0.8394579024286387
1.1854054993275476,0.7008325725640376
1.5330915902946232,0.6419819599227519
1.5582657677538216,0.5436321751771077
1.649849288384047,0.5271144504541326
1.6452324793267616,0.703023672613073
1.5178023354574357,0.7561351856275323
1.43876062164542,0.7283562138274435
1.2498314205404704,-1.0721915515229832
1.3929599915350819,-1.1404130326189774
1.411748642101942,-1.218755564044635
1.4395377102513776,-1.2730934153138231
1.4714687609506716,-1.16300879181841
1.4445588924976454,-1.1088199975280748
1.5306815062423498,-1.143039823065088
1.339229087917256,-1.0542111015915405
1.081356232250321,-1.036288819383406
0.9946538865684894,-1.245602375452906
1.0930634335332814,-1.2650681203797558
1.4750223733432568,1.1352426150311496
1.5207710863807418,1.2024696450538856
1.4863396290198612,1.267991442473572
1.2470317457127231,1.0443125378144287
1.5003659285077926,0.8899450481443748
1.5250339556229808,0.9488501851571666
1.569509765761803,0.895607055378535
1.5399928091186657,0.831045387302208
1.5001098474174823,1.3709263247181582
1.330503981928102,1.2809072201794136
0.6184989719579452,1.1636436661491438
0.6920725084066282,1.2409268956660269
0.803590581289808,1.2106636306341287
0.8806009567906699,1.1263781737542826
0.8133374602409192,1.2911809307582547
1.0086831022976719,1.4178267968929783
0.8852324101542735,1.394265088866025
0.8342818972785557,1.353186719072004
0.810957785623477,1.434252961026376
0.8973732233655759,1.505789633343827
0.8267134012247076,1.5031831069835144
0.8686780254139741,1.4524903468715304
0.9417430318185097,1.4475277915044542
1.033089748516214,1.5631196981177369
0.9725866067858828,1.5170430083904076
0.9431563520302598,1.6184493518153436
0.7318917570271826,1.3030343557478725
-1.2491568609069061,-0.5245643517376386
-1.3482478989743738,-0.1083569984371864
-1.1781011688591954,-0.24844565940011193
-1.472813015315234,0.6500999248072118
-1.4433909832274616,0.5516706431116216
-1.4758530521299364,0.5049531613559685
-1.7370260806497,0.5599264664154101
-0.8975557698864638,1.2465092595969387
-0.5431197127592794,1.5366414248222624
-0.5413605099148496,1.234641990139794
-0.4118515254373188,1.3666007093438917
-0.32606788771467954,1.4201224873472198
-0.37946639073690214,1.307074284275713
-0.5367515195673159,1.3212746101447814
-0.8028469508486812,1.4775002116225344
-1.7667203013074089,1.2325325041328725
-1.7497544786213743,1.1609814902102908
-1.789610989705052,1.0998855113063863
-1.3120144849634798,1.4954930079049182
0.8441410430773885,-0.9181119940744868
1.5646984781500084,-0.4832646016460187
1.6319047400106867,-0.5156211798736738
1.6152611273387245,-0.4487983498348619
1.5126349455333565,-0.44080397794686366
1.444541570289511,-0.33015725439151267
1.452549939924168,-0.5565753760108663
0.9346932186100194,-0.7219334390318519
1.6235329977599406,-1.0814549011963053
1.5600000621053918,-1.0924106930237871
1.6753100406217993,-1.1914089222750728
1.7274906423487983,-1.150348753007986
1.117770941651262,0.8315746433131902
1.0499552042653082,0.7900329725949696
0.9621037427183899,0.8267925672812614
1.5757180329838856,0.4400361880847437
1.6349440871118297,0.5871814039082771
1.6779170052623742,0.45550839237888446
1.6998928258205885,0.6779825808980104
1.633975247827267,0.7604172484678862
1.5798947712552498,0.7047725960305684
1.058004701109724,-0.9819932229871811
1.1174163946986486,-1.1120353661964746
1.1516693252099905,-1.0492720618143647
1.0384749312250943,-1.197924578978843
1.547716344544195,1.1466742887750763
1.3195554308818869,0.9559185873774453
1.4473166118205012,0.909301508204552
1.3802626372641893,1.3297804596278862
1.3966021549161665,1.2633782501294588
-1.1348134712685782,-0.29734074418675405
-1.1294473341979516,-0.2076611114618434
-1.2431142461843885,-0.22293584716864234
-1.5522111206933937,0.6230020909334704
-1.4964296178145773,0.589428566982508
-1.5557151419057116,0.763138329582709
-1.578059770610611,0.6924676884828131
-1.5099333527653636,0.7097952723551203
-1.6348453086140202,0.7492899087529376
-1.296320463104159,0.8012371650068356
-1.4320107054629523,0.8229902316903784
-1.485945625620981,0.7767004749664367
-1.5464616089421197,0.9017774624789456
-1.532748986035598,0.8312338250150055
-1.6147805301292821,0.8518927083474492
-1.7565287083888235,0.69548043927803
-1.817544201703952,0.7401491430618502
-1.6546604165731298,0.9782345691445476
-1.7042067739048936,0.7416515602054021
-1.692448376431656,0.6755951019932739
-1.7422327188897175,0.6283573113440132
-1.8253492347744105,0.6457389800373959
-1.7678156722968232,0.8029294990280665
-1.613439448752242,0.9217810073130039
-1.7024877660555282,0.9000362074021194
-1.8008228122832988,0.8897628831729287
-1.3523543103091955,0.6324949009784099
-1.395798195760559,0.7262306517850653
-1.6940204252213837,0.4993116415158472
-1.6700783091858766,0.5827751172831287
-0.563330748307785,1.458758714536343
-0.46000128330079354,1.4580288877326315
-0.6411934229630776,1.5205283489957808
-0.5114649347399611,1.4868630197140222
-0.42851823814430207,1.5745640328735389
-0.3372947673073951,1.3562899857113533
-0.9220938201378583,1.4322865139126297
-0.8755706210873261,1.3690782886692432
-0.8543340144578344,1.433434450480073
-1.3788512063989402,1.4835537265152208
-1.3327295139913333,1.4184094522477162
-1.1958097074555922,1.3264352270357072
-1.2379295097849075,1.4342585998486286
-1.2757372668655393,1.3553507170564472
-1.293751328454679,1.1806319025925796
-1.2629597674702173,1.2657452559594196
-1.3428223884375374,1.5930567014822477
1.655089927913321,-0.5690787432738098
1.6507465370519614,-1.1392457271599667
1.600284076506007,-1.2198369131248712
1.699932959260235,-1.249246159891501
1.0895521293581274,0.7461501330105808
0.9512679547966111,0.7630501045721038
0.9749225516659272,0.9073976843981842
1.0844729509906317,1.028530446869349
1.045327039097641,0.9538292049952019
1.1391186368722162,0.9268157421054497
0.9715461141456339,1.040100335214816
1.1013666547885537,0.972070094774236
1.1790182224381296,0.99847454488454
0.9662987142161631,0.9735725424712512
1.025694992938304,1.0117245387067302
1.2472794592921246,0.9705674165893234
1.2713346789260844,0.9036277486999093
1.2056836817329533,0.9178276579270153
0.8757772778346432,0.8604370196172164
1.5426141929237231,0.4877273988493301
1.5373453630377314,0.38890141922992194
1.6241454485241724,0.3856677508724634
1.3784075825774686,0.9344448079795682
1.3721159432586099,1.0223513336350518
1.3669059310490748,1.1304485311358337
1.345736386785267,1.2049596604186814
1.307183294753994,1.0197161069916059
1.302366338262083,1.093785765679639
1.1489274308841892,1.2097216155214627
1.2142458206393514,1.1366645978364736
1.3942460760584972,1.0775921036782912
1.419969088520384,1.1552863035402148
1.2515500668070154,1.225570524581896
-1.545633249471414,0.5577408206134363
-1.862593018722475,0.5870965045927617
-1.8129848067193248,0.5126217409558258
-1.7969827761184067,0.5865754826616096
-1.7563678389713793,0.48035760516493897
-1.7367970356924711,0.9747454579297772
-1.7568874959143057,1.0399812995827755
-1.6906684593336452,1.0341163974863967
-1.5158344725479744,1.1072305179843935
-1.6163718734571664,1.102047604599408
-1.5536425497960873,1.008719232363978
-1.7876137155174052,0.9464209260182734
-1.8562469948313294,0.8683227748305742
-1.7480241485726478,0.8601426963380951
-1.4166803240884789,0.6132668622394322
-1.3649114089331231,0.5572907326407307
-1.311008926853404,0.5869408849706488
-1.2141501590675743,0.6879534494409995
-1.281325212192905,0.6554219848207703
-1.2758159158425244,0.7296671726578462
-1.3364676523880927,0.7510129026625563
-1.3317182057988173,0.690052508105064
-0.46935404947631176,1.3947104554765744
-0.3944222976920478,1.4341725312641702
-0.3408470987270051,1.5215200565259126
-0.6540702584904782,1.4619703968814695
-0.6074649672422875,1.621760860308181
-0.7466093322566878,1.5913938797133735
-1.2489914881221558,1.496308546417447
-1.1168948926988413,1.4194007397386732
-1.3545073818366664,1.2507381204944064
-1.1339902639471169,1.1709613755417254
-1.3862290330109706,1.6307515167982514
-1.2718906098022613,1.676671575342055
-1.2480136731039055,1.5880678564714552
1.5444153775713487,-1.200532140376501
0.8198310192627731,0.9273486632349621
0.7706379294033784,0.9624063247469948
0.8162447902003573,0.8675053858644555
0.8414988518554732,0.8096567156125832
1.5102961893149758,0.4398969663761473
1.119857660803911,1.1180028358457714
1.2806244903992912,1.1610918676349407
1.190013830842819,1.3973636167576926
1.204008063173995,1.1932395338966448
-1.8635553805168947,0.48580218261363955
-1.5703482290717623,1.186984042233841
-1.5642820677412623,1.0693135259888495
-0.4095614381514124,1.5069223881719638
-0.2875572597620079,1.4775114642291214
-0.23782949174703497,1.5919951605504932
-0.2791857452164567,1.5419170287002777
-0.2073696814276827,1.524973719646079
-0.33765673313974676,1.6323201712540252
-0.5976907613534499,1.5622692619233043
-0.7971868275155015,1.5455365384942532
-0.7295736214338472,1.5217842406963418
-0.8271978035060784,1.6294570031077198
-1.1742266394197627,1.4527797899650565
-1.3154913038889315,1.2994656774076447
-1.4076922284841107,1.2941137753023269
-1.464660047910478,1.20356263539653
-1.180828056646021,1.242364988821694
-1.214259711994076,1.1693715910015032
-1.0986387323770102,1.245214132102537
-1.2800937245031856,0.9908333503984603
-1.0292242665529132,1.166624335966966
-1.111458749323975,1.3286136330357095
-1.266442093881881,1.087206366067989
-1.0354904000972216,1.2310398453244933
-0.9680454560115225,1.2523489309048401
-0.9641300157402308,1.0792780035079992
-0.9320517008888435,1.130856669556874
-1.1316826093292223,1.624657054977495
-1.2936966179236462,1.6232762518978292
-1.2973541325874036,1.5537683265494544
1.1615301323619311,1.1552611147290461
1.0031442354359528,1.20546066626993
1.0347325783231651,1.0999350641461418
1.0650819225603805,1.166510600373834
0.9583757008770695,1.1172888501368126
1.145319132140913,1.056200084440584
1.1875855735060534,1.2995761386252902
-1.5674347046781545,1.130467919300465
-1.6418848617624873,1.221288986609619
-1.6764927944849948,1.1565660255913353
-0.36673173595335573,1.5777113646242387
-0.8863217290531489,1.6868846864890612
-0.9880848016251275,1.7070866801251146
-1.5254295416485841,1.2457976165064535
-1.5131581079356513,1.1675674858413272
-1.38287114027231,1.164777700612743
-1.130474215495769,1.0187925492935057
-1.1726153532362154,1.09394386076181
-1.0829504938329795,1.0948324898030344
-1.2089072121558484,1.0242021932390508
-1.1882319237078738,0.8874788041622909
-1.173962520769089,0.9595615723324662
-1.238884281778881,0.9349596329047036
-1.050137831248206,0.8975956522438999
-1.3437028393816757,0.9007849047227097
-1.2578895762498878,0.8639265800235605
-1.100666281527807,0.9513267163688431
-1.1930497542606486,0.7869426879478062
-1.0072919386555486,0.9885116317231509
-1.2028666040043465,1.6477531307501627
-1.147719411209536,1.6964758047804884
-1.1824191181382846,1.5827427484668741
1.1995892492245404,1.0794656659708104
1.2599948969913919,1.297515241333096
1.305297857261604,1.3689296712789514
1.2856321124037973,1.5371195468363414
1.2417423389247233,1.359170629790727
1.317151917745574,1.455560372212233
1.3800217796348124,1.52672764900775
1.2335908191400813,1.470137137982164
1.3804258388969182,1.4630171381607184
1.1725663185575304,1.57125717378243
1.2225318749723473,1.5324369489062375
1.1351057274487981,1.479676514752327
1.0929447841031692,1.35085014572291
-0.9648584086617233,1.7637753807418193
-1.0569782086881163,1.6608103017798614
-1.038892689691762,1.5281812671631985
-1.1127184681544517,1.5500363398959591
-0.9696187037194237,1.6051751880578824
-1.0598916993937952,1.5928654100153485
-1.0921217401662804,1.4839933015118516
-1.01903609883616,1.4189159042600787
-0.8981147150322797,1.6155943944335138
-1.0521970993017964,1.3604080104027136
-0.9764299548137984,1.3561162559173228
-1.4066416539599533,1.2202807961549615
-1.448042244954087,1.132976044145935
-1.3706231518999965,1.0569995395704528
-1.328874831832391,1.1196607935297918
-1.02123724216539,1.1046479241323532
-1.1408676492102605,0.724076139566392
-1.1296892771622302,0.6090025766116302
-1.070040590061626,0.6728766365975064
-0.9961927532909948,0.6624141084081807
-1.157009951484273,0.6644283374938786
-1.211466407816558,0.613315462265617
-1.0699856871555902,0.6130369208653178
-1.0942899921303253,0.5289233659298409
-0.9535278936412172,0.7278207209723171
-1.1770226995931259,0.5375953514566537
-1.1010318278624363,0.4563036957628017
-0.9704123445615709,0.8305879421735145
-1.0167081451774438,0.7224148295840778
-1.1175291283119744,0.8337071311681247
-0.922307362473641,1.0037446433002748
-0.9508708085494206,0.9184194894632867
-1.0625932936388334,1.0292388265370467
-1.2154067068599537,1.7216959528384161
1.4224663305378475,1.624623251181284
1.4898076522264352,1.6368664604162764
1.438636150059875,1.4822168920526058
1.1040746451577996,1.5458214764376885
1.0919858333181778,1.650509633798275
1.0517243989562457,1.485293011553222
1.079332689072346,1.420217205884419
1.1533421182791497,1.34935035993607
1.114552896011121,1.277753798177577
1.0640502187861578,1.2335911291003805
0.9908698187280187,1.312036100565915
0.9077403533132052,1.3142111607809768
1.054015566125426,1.2996002503902306
0.9477338914451087,1.253073539085279
0.9266497517282596,1.1831117606190935
-0.9501177590272325,1.5179685283028252
-0.9440623249906311,1.662434688110023
-1.3104682188627435,1.0442894337786999
-1.0416767956547908,0.8267301797094265
-1.1266838499361747,0.8950382085394485
-1.0055678014662173,0.9321451365861194
-0.8853301509047959,0.8577477667102275
1.4255655868174506,1.5651303748441354
1.3405414257167552,1.601994261001444
1.3568673892048135,1.7025015125537724
1.2519362784827257,1.6213140714004874
-0.9995886368246599,1.4788869873885067
-0.8932330442263314,1.4891498711240423
1.4190852424762759,1.688342271924194
1.421028056214458,1.7502390534910808
1.276510955230467,1.7783223461848932
1.3065819618200865,1.6590900747683892
1.1922624296278224,1.6279798705058552
1.3363739952818914,1.7612742980496203
-0.5215788756064442,-1.7678156722968221
-0.6080040381702803,-1.8188499253051544
-0.5906165682717923,-1.872626701371909
-0.5451195272113999,-1.8266466932945207
-0.6108096159522024,-1.7154022591430158
-0.6522429277880282,-1.8623497139009886
-0.6811684914220424,-1.7886875099819117
-0.751805814825975,-1.7776671409602285
-0.8541352180803985,-1.672581983685479
-0.8180282233279503,-1.7397873957698837
-0.9195890575044613,-1.7510501087188188
-0.9229778093511217,-1.8236928960455125
-0.8697322250897335,-1.789776341993668
-0.5807258972096359,-1.7663482440372502
-0.5243910458056011,-1.6704414866715502
-0.6646537857945354,-1.5615398504526297
-0.9273007342826843,-1.6780843698038284
-0.898432649688914,-1.5727507593427397
-0.9976608345698502,-1.767815672296823
-1.1047811768010727,-1.7310120225584198
-1.1067616299217697,-1.8102218695240597
-1.044289552196784,-1.7292392268357906
-1.0609791433164482,-1.8506110818934658
-0.48358512331204906,-1.7179907106757388
-0.4207390025197623,-1.7678156722968223
-0.47115893906310335,-1.8031609853212147
-0.31072056751976007,-1.7167266501111746
-0.37467744092756605,-1.7230026949507578
-0.34071629189212743,-1.8039890290538547
-0.45558350430073724,-1.5651664955909763
-0.6634827375144998,-1.647482633404468
-0.5918491018281342,-1.646313596446396
-0.5334480327952906,-1.5893981194092217
-0.765935577627622,-1.6058992763982842
-0.5099308051122969,-1.5277485014783816
-0.4324737230754587,-1.473423952790152
-0.5920629183324564,-1.5228005676467462
-0.7815665539709877,-1.676895696801161
-0.7059384606319788,-1.6050817613231183
-0.4799631072299485,-1.4350061099598554
-0.6156017692168148,-1.4388712086888584
-0.6057251956576094,-1.5845809182293293
-0.6890722053242992,-1.3711990029353398
-0.28647842785409033,-1.7738462671750346
-0.21569790542661113,-1.7427352262901072
-0.1724996198671454,-1.798447075636974
-0.10892400722453699,-1.807833991498215
-0.22483782544108263,-1.6017543705272639
-0.14687200986844157,-1.5918970592479313
-0.20021395748390633,-1.6709446849028606
-0.27070528423688184,-1.6570547622328358
-0.33590476667968294,-1.556304786469495
-0.3583886970677005,-1.638933263916658
-0.2875007871703653,-1.5964521971337242
-0.12837728973477847,-1.6538247232011845
-0.06181034047931498,-1.700002693681054
-0.39395621687557203,-1.5848817554914265
-0.4678761190722909,-1.6322558022143947
-0.7272425961222893,-1.318654017206892
-0.7131144484570959,-1.4710200479188302
-0.7368360264461616,-1.5395127176211125
-0.788396517993005,-1.483301216876043
-0.652554576804025,-1.4968305740331183
-0.7620865131604798,-1.4077027993129512
-0.8613679715391942,-1.505940672984541
-0.8270197375849807,-1.5686826251026127
-0.3119490174770193,-1.4306933609638777
-0.24829031269903407,-1.5059865488246493
-0.25288945112141265,-1.3708674153180354
-0.18381070738682803,-1.5326856316942734
-0.1863358967248466,-1.4475738298061351
-0.2979701758049228,-1.326157807476446
-0.19845358051797488,-1.39086214650347
-0.24848958906026566,-1.4342753895618199
-0.6733070794776922,-1.42780193899741
-0.3807183867715432,-1.4280640053920532
-0.3674711377499881,-1.4953851958986617
-0.3517428763012015,-1.3670432012621614
-0.30702711968068785,-1.4910896053860005
-1.7678156722968228,-1.0891755562699184
-1.7831089481144737,-0.5370558156656028
-1.7660818717051465,-0.6036711116579478
0.04984969582212699,1.7678156722968223
-0.044026873181151956,1.817926058898039
-0.02119221459161897,1.8719344783551346
0.15610343471322152,-1.7831089481144737
0.24397697160507434,-1.7312137934263603
0.2316899875060785,-1.6650993926499622
0.3433389290127171,-1.6587858814886056
0.07837489646404519,-1.7454566382924939
0.00830309513520543,-1.7426352321407916
0.21387493912215894,-1.7805875882726292
0.27714951232872687,-1.7842404247139645
0.30682940484924137,-1.7130694113278337
0.3084013133967062,-1.831460899512594
0.507315903555322,-1.8044795787811563
0.4313194900435502,-1.7447964896845454
0.5714543627808829,-1.828932858482731
0.5567892387274459,-1.7684021998661947
0.4495340376202508,-1.6381616427992087
0.37329573237203584,-1.7161460799339585
0.4670415418648258,-1.6960251987199901
0.8227701013798884,-1.7831089481144746
0.7399855175128879,-1.7461608060058054
0.7652002865300216,-1.800881611704912
0.6833565476007931,-1.6078052392657365
0.6823526115295458,-1.7763905582989787
0.6748587896475358,-1.6920502833555668
0.7411731931408951,-1.6561882815618223
0.5889077158320347,-1.6408293345188578
0.5967810734982131,-1.7106411750377097
0.8537282319590461,-1.5036776363700017
0.7717230497245319,-1.5609455755975223
0.6170950641960014,-1.5698713202783898
0.6577751456311535,-1.4991250786184378
0.7539123997854617,-1.457849298030136
0.5190794955671123,-1.6468819539011657
0.4938886586670699,-1.5661051356359805
0.4239457527279933,-1.5475153724551352
0.36495900781012364,-1.589616006276041
0.5549334557022552,-1.5862558301232306
0.3046709583041803,-1.5728493930258625
0.8622114065094597,-1.6031730563228317
0.7066450547815025,-1.5449727466993044
0.7930734537259243,-1.5041705342518008
0.720916087996307,-1.401127842307933
0.8291842806738292,-1.555879657793632
0.7983282769339524,-1.622000322048594
0.9367888038982012,-1.708270974475154
1.0108070982645203,-1.540394140322675
1.1042094933809414,-1.5108903383982042
0.8774161534605812,-1.671392769625381
0.8759916992057777,-1.7399191645866912
0.9262921531111287,-1.5476000502248068
0.9461406940002791,-1.6269816785173283
1.045927367892789,-1.6796441810073954
1.0840312443281908,-1.7422361772019588
0.9857889839764112,-1.67272558796663
1.023323845657972,-1.6112911540173045
1.0983361178299524,-1.6243993693457988
1.158905136951053,-1.4826402093222892
1.05782377693642,-1.4276188236633909
0.9445521979933775,-1.4355303670958206
0.9128598817678207,-1.48788902714853
1.0702692718569078,-1.566040616785377
1.107357695861587,-1.4545815085341096
1.1029620467078274,-1.3876780529759505
1.0458793241310502,-1.4888275328516105
0.9967129678779812,-1.3675046021171766
1.017223535296967,-1.3061896493774052
0.87705578794545,-1.329764705765181
0.9469358839561509,-1.3167655980186572
0.8109362116003291,-1.2671277963021854
0.9217435023035137,-1.37566627617601
0.8374984630874963,-1.412979711051456
0.9001530186060819,-1.2338155756927276
0.8139815839620995,-1.3301294945824116
0.9564025694415952,-1.1675584028193422
0.9582782903869976,-1.0619678610819518
0.8358568276188855,-1.1222254790132562
0.9811771326156788,-1.115186569521765
0.8880048338855797,-1.1664969412906236
0.900456343610432,-1.098981442179287
0.819747873566656,-1.1940491355671732
0.8909400222063029,-1.0204442268951373
0.7672506113805617,-1.144556472902873
0.8269686782731355,-1.0516193672321028
0.9497845907572674,-1.0003794113858313
-1.8477884952606625,-0.30770212864387886
-1.179074916723172,0.3194738232746424
-1.1750189226273502,0.24269225994110455
-1.275591014993908,0.18569012530558032
-1.2328771526482778,0.13194646279971167
-1.2152547648191447,0.19645904889579147
-1.1188164350768435,0.3241741005850511
-1.2148140677406647,0.4288804968049166
-1.153768852311164,0.42535624096697566
-1.2288471540668582,0.49468459615014465
-1.2848204056284047,0.44834962609968754
-1.2661979238580843,0.3797140236224861
-1.3353415610194033,0.39779786364107034
-1.7896109897050516,0.4109088716868125
-1.8477884952606622,0.358964538022788
-1.8499262823395697,1.7940107602174038
0.9302052368562395,1.7896109897050516
0.8300661895463678,1.7954578100231178
0.8441937709768136,1.8548397544806363
0.7776200313090752,1.7391364987789504
0.8140544800292996,1.67098151677821
0.8418768035619374,1.7318803460135643
0.8786961924339496,1.6449385243544612
1.10438874457033,1.7857043601565383
-1.3120177223251943,-1.852392914555869
-0.7410235024509734,0.8792299637819712
-0.8245670760093738,0.9450028596290387
-0.8265744615569806,1.006528352828242
-0.8906649876575811,0.9457085166881442
-0.7840804774294746,1.7896109897050518
-0.8492897216057662,1.8076658531038043
-0.6098969697153842,1.7857043601565386
-0.43772207790366363,1.7857043601565386
-0.2635385701895733,1.7896109897050518
-0.15172849793489268,1.7878432182947939
-0.20795822288817217,1.768190805653944
1.3178849439189029,-1.845212696291191
1.5177729518449483,-1.7052421992646865
1.5024939128013852,1.8523929145558702
-0.11053683065210303,-1.3076124336007198
-0.11381157814432837,-1.1716535546565743
1.8452143643246344,-1.1583048870150066
-1.7340815113824422,-1.2432750509335682
-1.7786051268450997,-0.39438905511520483
0.2094173908056382,1.8361835353061569
0.1534469367164824,1.7678156722968223
0.1016483162693047,1.8015544697526753
0.10164831626930469,1.7340768748409694
-0.0036025553961495788,1.6291191272873369
0.037866363407202924,1.6927856758138626
-0.06529581480786147,1.714641323876801
-0.006382090459085631,1.7383247189391269
0.3018557982837185,1.7916125752471552
0.28627831416049626,1.714182688844776
0.21422915217710317,1.70294499017721
0.19904671246717925,1.5975650486586288
-1.26968611070301,-1.4558280987235201
-1.2390923154533686,-1.40120085415252
-1.2999572364589644,-1.5389567165276183
-1.2698874404004423,-1.6260467276644732
-1.19229891751427,-1.6863385088710416
-1.1908313626615492,-1.5500146846578517
-1.2151755095645744,-1.4902934355733677
-1.2255502084657077,-1.742825150271851
-1.103880873075317,-1.6211856170348395
-1.2479530958734815,-1.5697372549706856
-1.131796442353582,-1.6758736715956062
0.01306448180231154,1.4881209035932323
0.0750704425492073,1.445789628558077
0.010686048949131553,1.418058874542746
-0.0642362961752126,1.455673688608952
1.7678156722968228,-0.28030995576763645
1.8146423487040912,-0.2218797998823808
1.7583631377510383,-0.18726854254963887
1.7588511174778965,-0.3534026093808967
1.708238272390849,-0.39698233999085797
1.6510117213144362,-0.4036224276755376
1.2538405729647544,-0.9634077201378435
1.803562002771083,1.1025815123279685
1.7437511338629579,0.7680231272323294
1.7309419148152398,0.8307576604978703
1.786662142676302,1.683899785515361
1.7329601345227799,1.6546720881380044
0.7602819211922816,1.6073706351402999
0.2875703032749012,1.1439868200779568
-1.6609272448006853,-0.5839988940966561
-1.6114375607661533,-0.5070945959160106
1.3988073715251577,0.8030891977894452
-1.3868686900535105,-0.21560235833956834
-1.316079940334154,-0.2406058391439388
1.7448236631401088,-0.4929282219857703
1.7689257099785216,-0.5463673155419275
1.8022114092000325,-0.47880389817998525
1.8409534217823562,-0.398048414097959
1.301807243878636,0.7686146954659931
0.812874783593726,1.089563379754083
0.8933641124486704,1.5730515017556472
-0.5033142867783137,1.6084732612268087
-0.5524427304918884,1.6382153854362318
0.8867017409492062,1.0319174181237933
-0.6728309877849135,1.5873043397573687
-0.6913788022856754,1.7017204498485676
-0.6628665699339469,1.6476310892333306
-0.7300853330976317,1.753728476509411
-0.2707060789770053,1.6543339734293296
-0.3292378886997252,1.724634773059284
-0.3768512702892329,1.7669448313641194
-0.42702350213739615,1.6725618994500842
-0.3691497886166253,1.681733442501276
-0.4681647315893694,1.7257486992694067
-0.5352282681026284,1.7647156481291528
-1.4447834380015958,0.9623169408087815
-1.3610621824808815,0.8314719501697234
-1.3584246734349288,0.9786747984682715
1.0037228774477793,1.6987653493695092
0.9829662155389803,1.757138058212587
0.9486786438995326,1.677279670122553
1.011972466905744,1.6295496156300797
1.0728891800170635,1.7204278730080274
1.1385178330724939,1.7289967651423654
1.205213012506065,1.7600978951989334
1.1610935738910917,1.7976783237236793
1.0311843174600068,1.3596429207062903
0.9533115812463248,1.3727553132009056
1.255463739386546,1.8402490725315814
1.257644754872642,1.7101560223285306
-0.9994352179065511,-1.5626066122749034
-0.971506826372289,-1.625429515657048
-1.0374963201209948,-1.617146299267005
-0.9456970605371728,-1.5354500016104113
-1.0234092362834912,-1.5019766669862045
-1.7731598700429265,-0.4667121152007621
0.985686185709822,-1.787338457156519
0.9256575741334869,-1.775614808699111
-1.3922302328918799,0.2491622674828948
-1.353559068303213,0.3195658571587349
-1.4309949192593265,0.31214841953254735
-0.8188415171717884,0.8762308989876307
-0.4605637537980198,1.8447516930457486
-0.1081898130330573,1.839803787900726
-0.17498653649035656,1.8482050168292532
-0.08966795951538503,1.7734924397267475
-0.15189284165987985,1.7000207958058762
-0.20127641964319085,1.6511114459411755
-0.1627913062426452,1.5864561612069301
-0.08263016484962776,1.6056728647313379
-0.039102187259875396,1.5433806666530827
-0.05490338328775315,1.6571251537404348
-0.13347037045835705,1.6409475812040302
0.24030678979863423,1.6454042348058522
0.09495341392258616,1.5955609363389547
0.032214506684357075,1.5584522655569495
0.09791593224416383,1.5189622043823636
0.1676360599054226,1.5336190532711496
0.14640387268868324,1.627529039532206
0.08885521010879342,1.6573524331794702
-1.1280970932782897,-1.5620711403200243
-1.1741739158794011,-1.6183638169780026
-0.7560895678691929,1.6651275250763877
-1.5109979450513642,0.9578707598702186
-1.470419555202823,0.8897179350798903
-1.4059400822452963,0.8824146613854112
-1.4553763017213646,1.046998193546073
-1.317272420675745,0.24800129516570063
-1.2531282104243902,0.2482290566420399
-1.3558322998949086,0.17878909266823179
-1.4202718304270165,0.15717815874138485
-1.3113481866256171,0.13150365054020619
-1.541791576725653,0.21447668001043046
-1.4700025840559476,0.24471934372531734
1.5757689199958589,-0.8635192638653203
0.7482096245678634,-1.0316339032528963
0.7766051739639325,-1.0849124789586782
-0.6039026387405012,1.704207625955539
